-- Insertar datos en DEPARTAMENTO 
INSERT INTO DEPARTAMENTO (Dep_id, Nom_dep)
VALUES 
	(1, 'Lima'),
    (2, 'Arequipa'),
    (3, 'Cusco'),
    (4, 'La Libertad'),
    (5, 'Lambayeque'),
    (6, 'Puno'),
    (7, 'Junin'),
    (8, 'Cajamarca'),
    (9, 'Huanuco'),
    (10, 'Ancash'),
    (11, 'Ica'),
    (12, 'Tacna'),
    (13, 'Amazonas'),
    (14, 'San Martin'),
    (15, 'Apurimac'),
    (16, 'Pasco'),
    (17, 'Ayacucho'),
    (18, 'Moquegua'),
    (19, 'Ucayali'),
    (20, 'Tumbes'),
    (21, 'Huancavelica'),
    (22, 'Madre de Dios'),
    (23, 'Callao'),
    (24, 'Piura'),
    (25, 'Loreto');

INSERT INTO PROVINCIA (Prov_id, Nom_prov, Dep_id)
VALUES
(1, 'Lima', 1),
(2, 'Callao', 1),
(3, 'Arequipa', 2),
(4, 'Caylloma', 2),
(5, 'Castilla', 2),
(6, 'Condesuyos', 2),
(7, 'Islay', 2),
(8, 'La Unión', 2),
(9, 'Huamanga', 3),
(10, 'Cangallo', 3),
(11, 'Huanca Sancos', 3),
(12, 'Víctor Fajardo', 3),
(13, 'Lucanas', 3),
(14, 'Parinacochas', 3),
(15, 'Paucar del Sara Sara', 3),
(16, 'Sucre', 3),
(17, 'Vilcas Huamán', 3),
(18, 'Caravelí', 4),
(19, 'Aplao', 4),
(20, 'Castilla', 4),
(21, 'Caylloma', 4),
(22, 'Condesuyos', 4),
(23, 'Islay', 4),
(24, 'La Unión', 4),
(25, 'Huancavelica', 5),
(26, 'Tayacaja', 5),
(27, 'Huánuco', 6),
(28, 'Ambo', 6),
(29, 'Dos de Mayo', 6),
(30, 'Huacaybamba', 6),
(31, 'Huamalíes', 6),
(32, 'Leoncio Prado', 6),
(33, 'Marañón', 6),
(34, 'Pachitea', 6),
(35, 'Puerto Inca', 6),
(36, 'Lauricocha', 6),
(37, 'Yarowilca', 6),
(38, 'Ica', 7),
(39, 'Chincha', 7),
(40, 'Nazca', 7),
(41, 'Palpa', 7),
(42, 'Pisco', 7),
(43, 'Huancayo', 8),
(44, 'Concepción', 8),
(45, 'Chanchamayo', 8),
(46, 'Jauja', 8),
(47, 'Junín', 8),
(48, 'Satipo', 8),
(49, 'Tarma', 8),
(50, 'Yauli', 8),
(51, 'Chupaca', 8),
(52, 'Trujillo', 9),
(53, 'Ascope', 9),
(54, 'Bolívar', 9),
(55, 'Chepén', 9),
(56, 'Julcán', 9),
(57, 'Otuzco', 9),
(58, 'Pacasmayo', 9),
(59, 'Pataz', 9),
(60, 'Sánchez Carrión', 9),
(61, 'Virú', 9),
(62, 'Chiclayo', 10),
(63, 'Ferreñafe', 10),
(64, 'Lambayeque', 10),
(65, 'Lima', 11),
(66, 'Barranca', 11),
(67, 'Cajatambo', 11),
(68, 'Canta', 11),
(69, 'Cañete', 11),
(70, 'Huaral', 11),
(71, 'Huarochirí', 11),
(72, 'Huaura', 11),
(73, 'Oyón', 11),
(74, 'Yauyos', 11),
(75, 'Maynas', 12),
(76, 'Alto Amazonas', 12),
(77, 'Loreto', 12),
(78, 'Mariscal Ramón Castilla', 12),
(79, 'Requena', 12),
(80, 'Ucayali', 12),
(81, 'Tambopata', 13),
(82, 'Manu', 13),
(83, 'Tahuamanu', 13),
(84, 'Mariscal Nieto', 14),
(85, 'Ilo', 14),
(86, 'Puno', 15),
(87, 'Azángaro', 15),
(88, 'Carabaya', 15),
(89, 'Chucuito', 15),
(90, 'El Collao', 15),
(91, 'Huancané', 15),
(92, 'Lampa', 15),
(93, 'Melgar', 15),
(94, 'Moho', 15),
(95, 'San Antonio de Putina', 15),
(96, 'San Román', 15),
(97, 'Yunguyo', 15),
(98, 'San Ignacio', 16),
(99, 'Cutervo', 16),
(100, 'Jaén', 16),
(101, 'Santa Cruz', 16),
(102, 'San Miguel', 16),
(103, 'Contumazá', 16),
(104, 'Cajamarca', 16),
(105, 'Cajabamba', 16),
(106, 'Celendín', 16),
(107, 'Chota', 16),
(108, 'Hualgayoc', 16),
(109, 'Santa Cruz', 16),
(110, 'Chiclayo', 17),
(111, 'Ferreñafe', 17),
(112, 'Lambayeque', 17),
(113, 'Barranca', 18),
(114, 'Cajatambo', 18),
(115, 'Canta', 18),
(116, 'Cañete', 18),
(117, 'Huaral', 18),
(118, 'Huarochirí', 18),
(119, 'Huaura', 18),
(120, 'Oyón', 18),
(121, 'Yauyos', 18),
(122, 'Ica', 19),
(123, 'Chincha', 19),
(124, 'Nazca', 19),
(125, 'Palpa', 19),
(126, 'Pisco', 19),
(127, 'Chachapoyas', 20),
(128, 'Bagua', 20),
(129, 'Bongará', 20),
(130, 'Condorcanqui', 20),
(131, 'Luya', 20),
(132, 'Rodríguez de Mendoza', 20),
(133, 'Utcubamba', 20),
(134, 'Coronel Portillo', 21),
(135, 'Atalaya', 21),
(136, 'Padre Abad', 21),
(137, 'Purús', 21),
(138, 'Moyobamba', 22),
(139, 'Bellavista', 22),
(140, 'El Dorado', 22),
(141, 'Huallaga', 22),
(142, 'Lamas', 22),
(143, 'Mariscal Cáceres', 22),
(144, 'Picota', 22),
(145, 'Rioja', 22),
(146, 'San Martín', 22),
(147, 'Tocache', 22),
(148, 'Candarave', 23),
(149, 'Jorge Basadre', 23),
(150, 'Tacna', 23),
(151, 'Tarata', 23);

-- Insertar datos de algunos distritos del Perú en la tabla DISTRITO
INSERT INTO DISTRITO (Dist_id, Nom_dist, Prov_id)
VALUES
(1, 'Miraflores', 1),
(2, 'San Isidro', 1),
(3, 'Cercado', 2),
(4, 'Barranco', 1),
(5, 'San Borja', 1),
(6, 'Surquillo', 1),
(7, 'Chorrillos', 1),
(8, 'San Juan de Miraflores', 1),
(9, 'Villa el Salvador', 1),
(10, 'La Molina', 1),
(11, 'Magdalena del Mar', 1),
(12, 'Pueblo Libre', 1),
(13, 'Lince', 1),
(14, 'Jesus Maria', 1),
(15, 'Breña', 1),
(16, 'Comas', 1),
(17, 'Los Olivos', 1),
(18, 'Independencia', 1),
(19, 'San Martin de Porres', 1),
(20, 'Santa Anita', 1),
(21, 'Surco', 1),
(22, 'Brena', 1),
(23, 'Breña', 1),
(24, 'Pueblo Libre', 1),
(25, 'Los Olivos', 1),
(26, 'San Martin de Porres', 1),
(27, 'Villa el Salvador', 1),
(28, 'Ate', 1),
(29, 'La Victoria', 1),
(30, 'Chosica', 1),
(31, 'Chorrillos', 1),
(32, 'Jesus Maria', 1),
(33, 'La Molina', 1),
(34, 'Lince', 1),
(35, 'Magdalena del Mar', 1),
(36, 'Miraflores', 1),
(37, 'San Borja', 1),
(38, 'San Isidro', 1),
(39, 'San Juan de Lurigancho', 1),
(40, 'San Juan de Miraflores', 1),
(41, 'Carmen de la Legua Reynoso', 23),
(42, 'La Perla', 23),
(43, 'Ventanilla', 23),
(44, 'Bellavista', 23),
(45, 'Callao', 23),
(46, 'La Punta', 23),
(47, 'Chimbote', 10),
(48, 'Nuevo Chimbote', 10),
(49, 'Coishco', 10),
(50, 'Santa', 10),
(51, 'Casma', 10),
(52, 'Huaraz', 11),
(53, 'Carhuaz', 11),
(54, 'Yungay', 11),
(55, 'Caraz', 11),
(56, 'Huari', 11),
(57, 'Bolognesi', 11),
(58, 'Pomabamba', 11),
(59, 'Recuay', 11),
(60, 'Independencia', 11),
(61, 'Conchucos', 11),
(62, 'Aija', 11),
(63, 'Antonio Raymondi', 11),
(64, 'Carlos Fermín Fitzcarrald', 11),
(65, 'Asunción', 11),
(66, 'Cajabamba', 12),
(67, 'Cajamarca', 12),
(68, 'Celendín', 12),
(69, 'Chota', 12),
(70, 'Contumazá', 12),
(71, 'Cutervo', 12),
(72, 'Hualgayoc', 12),
(73, 'Jaén', 12),
(74, 'San Ignacio', 12),
(75, 'San Marcos', 12),
(76, 'San Miguel', 12),
(77, 'San Pablo', 12),
(78, 'Santa Cruz', 12),
(79, 'Chiclayo', 14),
(80, 'Ferreñafe', 14),
(81, 'Lambayeque', 14),
(82, 'Lima', 15),
(83, 'San Juan de Lurigancho', 15),
(84, 'Miraflores', 15),
(85, 'La Molina', 15),
(86, 'San Isidro', 15),
(87, 'Barranco', 15),
(88, 'Surco', 15),
(89, 'Comas', 15),
(90, 'Los Olivos', 15),
(91, 'Independencia', 15),
(92, 'San Juan de Miraflores', 15),
(93, 'Villa el Salvador', 15),
(94, 'San Martin de Porres', 15),
(95, 'Breña', 15),
(96, 'Ate', 15),
(97, 'Chorrillos', 15),
(98, 'Pueblo Libre', 15),
(99, 'La Victoria', 15),
(100, 'El Agustino', 15),
(101, 'Ancón', 15),
(102, 'Santa Anita', 15),
(103, 'Rímac', 15),
(104, 'San Luis', 15),
(105, 'San Borja', 15),
(106, 'Santiago de Surco', 15),
(107, 'La Punta', 15),
(108, 'Santa Rosa', 15),
(109, 'Cieneguilla', 15),
(110, 'Lurigancho', 15),
(111, 'San Bartolo', 15),
(112, 'Pucusana', 15),
(113, 'Puente Piedra', 15),
(114, 'Santa María', 15),
(115, 'Lurín', 15),
(116, 'San Juan de Lurigancho', 15),
(117, 'Villa María del Triunfo', 15),
(118, 'San Martín de Porres', 15),
(119, 'Santa Rosa', 15),
(120, 'Santiago de Surco', 15),
(121, 'Lurigancho', 15),
(122, 'Villa María del Triunfo', 15),
(123, 'San Martín de Porres', 15),
(124, 'Santa Rosa', 15),
(125, 'Santiago de Surco', 15),
(126, 'Surquillo', 15),
(127, 'Villa el Salvador', 15),
(128, 'Los Olivos', 15),
(129, 'Independencia', 15),
(130, 'San Juan de Miraflores', 15),
(131, 'Canta', 1),
(132, 'San Vicente de Cañete', 5),
(133, 'Mollendo', 3),
(134, 'Yanahuara', 3),
(135, 'Cayma', 3),
(136, 'Socabaya', 3),
(137, 'Cerro Colorado', 3),
(138, 'Sachaca', 3),
(139, 'Bustamante y Rivero', 3),
(140, 'Umacollo', 3),
(141, 'Paucarpata', 3),
(142, 'Characato', 3),
(143, 'La Joya', 3),
(144, 'Polobaya', 3),
(145, 'Tiabaya', 3),
(146, 'Yura', 3),
(147, 'Quequén', 4),
(148, 'Necochea', 4),
(149, 'Tandil', 4),
(150, 'Azul', 4),
(151, 'Olavarría', 4),
(152, 'Chascomús', 4),
(153, 'General Madariaga', 4),
(154, 'Villa Gesell', 4),
(155, 'Mar del Plata', 4),
(156, 'Miramar', 4),
(157, 'Balcarce', 4),
(158, 'Necochea', 4),
(159, 'Río Gallegos', 21),
(160, 'El Calafate', 21),
(161, 'Puno', 6),
(162, 'Juliaca', 6),
(163, 'Azángaro', 6),
(164, 'Cusco', 3),
(165, 'Machu Picchu', 3),
(166, 'Quillabamba', 3),
(167, 'Puerto Maldonado', 22),
(168, 'Arequipa', 2),
(169, 'Mollendo', 3),
(170, 'Tacna', 12),
(171, 'Moquegua', 18),
(172, 'Ilo', 18),
(173, 'Pisco', 11),
(174, 'Ica', 11),
(175, 'Chincha Alta', 11),
(176, 'Pucallpa', 19),
(177, 'Yurimaguas', 13),
(178, 'Tingo María', 9),
(179, 'Tarma', 16),
(180, 'Huancayo', 7),
(181, 'Ayacucho', 17),
(182, 'Huamanga', 17),
(183, 'Huanta', 17),
(184, 'Cangallo', 17),
(185, 'San Juan Bautista', 17),
(186, 'Tingo María', 9),
(187, 'Ríoja', 14),
(188, 'Moyobamba', 14),
(189, 'Tarapoto', 14),
(190, 'Yurimaguas', 13),
(191, 'Jaén', 12),
(192, 'San Ignacio', 12),
(193, 'Chachapoyas', 13),
(194, 'Bagua', 13),
(195, 'Cutervo', 12),
(196, 'Cajamarca', 12),
(197, 'Chota', 12),
(198, 'Huaraz', 11),
(199, 'Caraz', 11),
(200, 'Carhuaz', 11),
(201, 'Chiclayo', 14),
(202, 'Ferreñafe', 14),
(203, 'Lambayeque', 14),
(204, 'Cajamarca', 12),
(205, 'Cajabamba', 12),
(206, 'San Miguel', 12),
(207, 'Jaén', 12),
(208, 'San Ignacio', 12),
(209, 'San Marcos', 12),
(210, 'Celendín', 12),
(211, 'Chota', 12),
(212, 'Bambamarca', 12),
(213, 'Hualgayoc', 12),
(214, 'Santa Cruz', 12),
(215, 'Chota', 12),
(216, 'Contumazá', 12),
(217, 'Cutervo', 12),
(218, 'Lima', 15),
(219, 'San Juan de Miraflores', 15),
(220, 'La Victoria', 15),
(221, 'Breña', 15),
(222, 'Ate', 15),
(223, 'Pueblo Libre', 15),
(224, 'San Luis', 15),
(225, 'El Agustino', 15),
(226, 'Carabayllo', 15),
(227, 'Santa Rosa', 15),
(228, 'Santa Anita', 15),
(229, 'Villa María del Triunfo', 15),
(230, 'San Juan de Lurigancho', 15),
(231, 'Chorrillos', 15),
(232, 'Lurín', 15),
(233, 'San Martín de Porres', 15),
(234, 'Los Olivos', 15),
(235, 'Independencia', 15),
(236, 'San Miguel', 15),
(237, 'Magdalena del Mar', 15),
(238, 'Pueblo Libre', 15),
(239, 'San Isidro', 15),
(240, 'San Borja', 15),
-- Continúa agregando más distritos
(241, 'Cusco', 3),
(242, 'Machu Picchu', 3),
(243, 'Urubamba', 3),
(244, 'Anta', 3),
(245, 'Sicuani', 3),
(246, 'Arequipa', 2),
(247, 'Cayma', 3),
(248, 'Socabaya', 3),
(249, 'Yanahuara', 3),
(250, 'Yura', 3),
(251, 'Mollendo', 3),
(252, 'Camana', 3),
(253, 'Chincha Alta', 11),
(254, 'Pisco', 11),
(255, 'Ica', 11),
(256, 'Nazca', 11),
(257, 'Palpa', 11),
(258, 'Huancayo', 7),
(259, 'Jauja', 7),
(260, 'Tarma', 16),
(261, 'La Oroya', 16),
(262, 'Huancavelica', 21),
(263, 'Tingo María', 9),
(264, 'Leóncio Prado', 9),
(265, 'Tocache', 13),
(266, 'Juanjui', 13),
(267, 'Moyobamba', 14),
(268, 'Tarapoto', 14),
(269, 'Rioja', 14),
(270, 'Nueva Cajamarca', 12),
(271, 'Bagua', 13),
(272, 'Chachapoyas', 13),
(273, 'Cajaruro', 13),
(274, 'Lamud', 13),
(275, 'Bambamarca', 12),
(276, 'Celendin', 12),
(277, 'Cutervo', 12),
(278, 'Chota', 12),
(279, 'Santa Cruz', 12),
(280, 'Pucallpa', 19),
(281, 'Tarapoto', 14),
(282, 'Rioja', 14),
(283, 'Juanjui', 13),
(284, 'Moyobamba', 14),
(285, 'Nueva Cajamarca', 12),
(286, 'Bagua', 13),
(287, 'Chachapoyas', 13),
(288, 'Cajaruro', 13),
(289, 'Lamud', 13),
(290, 'Bambamarca', 12),
(291, 'Celendin', 12),
(292, 'Cutervo', 12),
(293, 'Chota', 12),
(294, 'Santa Cruz', 12),
(295, 'Pucallpa', 19),
(296, 'Tingo María', 9),
(297, 'Aucayacu', 9),
(298, 'Tocache', 13),
(299, 'Rioja', 14),
(300, 'Jaén', 12),
(301, 'Bellavista', 12),
(302, 'Chiclayo', 14),
(303, 'Ferreñafe', 14),
(304, 'Lambayeque', 14),
(305, 'Lima', 15),
(306, 'San Juan de Lurigancho', 15),
(307, 'La Victoria', 15),
(308, 'Breña', 15),
(309, 'Ate', 15),
(310, 'Pueblo Libre', 15),
(311, 'San Luis', 15),
(312, 'El Agustino', 15),
(313, 'Carabayllo', 15),
(314, 'Santa Rosa', 15),
(315, 'Santa Anita', 15),
(316, 'Villa María del Triunfo', 15),
(317, 'San Juan de Lurigancho', 15),
(318, 'Chorrillos', 15),
(319, 'Lurín', 15),
(320, 'San Martín de Porres', 15),
(321, 'Los Olivos', 15),
(322, 'Independencia', 15),
(323, 'San Miguel', 15),
(324, 'Magdalena del Mar', 15),
(325, 'Pueblo Libre', 15),
(326, 'San Isidro', 15),
(327, 'San Borja', 15),
(328, 'Cusco', 3),
(329, 'Machu Picchu', 3),
(330, 'Urubamba', 3),
(331, 'Anta', 3),
(332, 'Sicuani', 3),
(333, 'Arequipa', 2),
(334, 'Cayma', 3),
(335, 'Socabaya', 3),
(336, 'Yanahuara', 3),
(337, 'Yura', 3),
(338, 'Mollendo', 3),
(339, 'Camana', 3),
(340, 'Chincha Alta', 11),
(341, 'Pisco', 11),
(342, 'Ica', 11),
(343, 'Nazca', 11),
(344, 'Palpa', 11),
(345, 'Huancayo', 7),
(346, 'Jauja', 7),
(347, 'Tarma', 16),
(348, 'La Oroya', 16),
(349, 'Huancavelica', 21),
(350, 'Tingo María', 9),
(351, 'Leóncio Prado', 9),
(352, 'Tocache', 13),
(353, 'Juanjui', 13),
(354, 'Moyobamba', 14),
(355, 'Tarapoto', 14),
(356, 'Rioja', 14),
(357, 'Nueva Cajamarca', 12),
(358, 'Bagua', 13),
(359, 'Chachapoyas', 13),
(360, 'Cajaruro', 13),
(361, 'Lamud', 13),
(362, 'Bambamarca', 12),
(363, 'Celendin', 12),
(364, 'Cutervo', 12),
(365, 'Chota', 12),
(366, 'Santa Cruz', 12),
(367, 'Pucallpa', 19),
(368, 'Tingo María', 9),
(369, 'Aucayacu', 9),
(370, 'Tocache', 13),
(371, 'Rioja', 14),
(372, 'Jaén', 12),
(373, 'Bellavista', 12),
(374, 'Chiclayo', 14),
(375, 'Ferreñafe', 14),
(376, 'Lambayeque', 14),
(377, 'Lima', 15),
(378, 'San Juan de Lurigancho', 15),
(379, 'La Victoria', 15),
(380, 'Breña', 15),
(381, 'Ate', 15),
(382, 'Pueblo Libre', 15),
(383, 'San Luis', 15),
(384, 'El Agustino', 15),
(385, 'Carabayllo', 15),
(386, 'Santa Rosa', 15),
(387, 'Santa Anita', 15),
(388, 'Villa María del Triunfo', 15),
(389, 'San Juan de Lurigancho', 15),
(390, 'Chorrillos', 15),
(391, 'Lurín', 15),
(392, 'San Martín de Porres', 15),
(393, 'Los Olivos', 15),
(394, 'Independencia', 15),
(395, 'San Miguel', 15),
(396, 'Magdalena del Mar', 15),
(397, 'Pueblo Libre', 15),
(398, 'San Isidro', 15),
(399, 'San Borja', 15),
(400, 'Ayacucho', 17),
(401, 'Huamanga', 17),
(402, 'Huanta', 17),
(403, 'Cangallo', 17),
(404, 'San Juan Bautista', 17),
(405, 'Tingo María', 9),
(406, 'Leóncio Prado', 9),
(407, 'Tocache', 13),
(408, 'Juanjui', 13),
(409, 'Moyobamba', 14),
(410, 'Tarapoto', 14),
(411, 'Rioja', 14),
(412, 'Nueva Cajamarca', 12),
(413, 'Bagua', 13),
(414, 'Chachapoyas', 13),
(415, 'Cajaruro', 13),
(416, 'Lamud', 13),
(417, 'Bambamarca', 12),
(418, 'Celendin', 12),
(419, 'Cutervo', 12),
(420, 'Chota', 12),
(421, 'Santa Cruz', 12),
(422, 'Pucallpa', 19),
(423, 'Tingo María', 9),
(424, 'Aucayacu', 9),
(425, 'Tocache', 13),
(426, 'Rioja', 14),
(427, 'Jaén', 12),
(428, 'Bellavista', 12),
(429, 'Chiclayo', 14),
(430, 'Ferreñafe', 14),
(431, 'Lambayeque', 14),
(432, 'Lima', 15),
(433, 'San Juan de Lurigancho', 15),
(434, 'La Victoria', 15),
(435, 'Breña', 15),
(436, 'Ate', 15),
(437, 'Pueblo Libre', 15),
(438, 'San Luis', 15),
(439, 'El Agustino', 15),
(440, 'Carabayllo', 15),
(441, 'Santa Rosa', 15),
(442, 'Santa Anita', 15),
(443, 'Villa María del Triunfo', 15),
(444, 'San Juan de Lurigancho', 15),
(445, 'Chorrillos', 15),
(446, 'Lurín', 15),
(447, 'San Martín de Porres', 15),
(448, 'Los Olivos', 15),
(449, 'Independencia', 15),
(450, 'San Miguel', 15),
(451, 'Magdalena del Mar', 15),
(452, 'Pueblo Libre', 15),
(453, 'San Isidro', 15),
(454, 'San Borja', 15),
(455, 'Cusco', 3),
(456, 'Machu Picchu', 3),
(457, 'Urubamba', 3),
(458, 'Anta', 3),
(459, 'Sicuani', 3),
(460, 'Arequipa', 2),
(461, 'Cayma', 3),
(462, 'Socabaya', 3),
(463, 'Yanahuara', 3),
(464, 'Yura', 3),
(465, 'Mollendo', 3),
(466, 'Camana', 3),
(467, 'Chincha Alta', 11),
(468, 'Pisco', 11),
(469, 'Ica', 11),
(470, 'Nazca', 11),
(471, 'Palpa', 11),
(472, 'Huancayo', 7),
(473, 'Jauja', 7),
(474, 'Tarma', 16),
(475, 'La Oroya', 16),
(476, 'Huancavelica', 21),
(477, 'Tingo María', 9),
(478, 'Leóncio Prado', 9),
(479, 'Tocache', 13),
(480, 'Juanjui', 13),
(481, 'Moyobamba', 14),
(482, 'Tarapoto', 14),
(483, 'Rioja', 14),
(484, 'Nueva Cajamarca', 12),
(485, 'Bagua', 13),
(486, 'Chachapoyas', 13),
(487, 'Cajaruro', 13),
(488, 'Lamud', 13),
(489, 'Bambamarca', 12),
(490, 'Celendin', 12),
(491, 'Cutervo', 12),
(492, 'Chota', 12),
(493, 'Santa Cruz', 12),
(494, 'Pucallpa', 19),
(495, 'Tingo María', 9),
(496, 'Aucayacu', 9),
(497, 'Tocache', 13),
(498, 'Rioja', 14),
(499, 'Jaén', 12),
(500, 'Bellavista', 12),
(501, 'Chiclayo', 14),
(502, 'Ferreñafe', 14),
(503, 'Lambayeque', 14),
(504, 'Lima', 15),
(505, 'San Juan de Lurigancho', 15),
(506, 'La Victoria', 15),
(507, 'Breña', 15),
(508, 'Ate', 15),
(509, 'Pueblo Libre', 15),
(510, 'San Luis', 15),
(511, 'El Agustino', 15),
(512, 'Carabayllo', 15),
(513, 'Santa Rosa', 15),
(514, 'Santa Anita', 15),
(515, 'Villa María del Triunfo', 15),
(516, 'San Juan de Lurigancho', 15),
(517, 'Chorrillos', 15),
(518, 'Lurín', 15),
(519, 'San Martín de Porres', 15),
(520, 'Los Olivos', 15),
(521, 'Independencia', 15),
(522, 'San Miguel', 15),
(523, 'Magdalena del Mar', 15),
(524, 'Pueblo Libre', 15),
(525, 'San Isidro', 15),
(526, 'San Borja', 15),
(527, 'Cusco', 3),
(528, 'Machu Picchu', 3),
(529, 'Urubamba', 3),
(530, 'Anta', 3),
(531, 'Sicuani', 3),
(532, 'Arequipa', 2),
(533, 'Cayma', 3),
(534, 'Socabaya', 3),
(535, 'Yanahuara', 3),
(536, 'Yura', 3),
(537, 'Mollendo', 3),
(538, 'Camana', 3),
(539, 'Chincha Alta', 11),
(540, 'Pisco', 11),
(541, 'Ica', 11),
(542, 'Nazca', 11),
(543, 'Palpa', 11),
(544, 'Huancayo', 7),
(545, 'Jauja', 7),
(546, 'Tarma', 16),
(547, 'La Oroya', 16),
(548, 'Huancavelica', 21),
(549, 'Tingo María', 9),
(550, 'Leóncio Prado', 9),
(551, 'Tocache', 13),
(552, 'Juanjui', 13),
(553, 'Moyobamba', 14),
(554, 'Tarapoto', 14),
(555, 'Rioja', 14),
(556, 'Nueva Cajamarca', 12),
(557, 'Bagua', 13),
(558, 'Chachapoyas', 13),
(559, 'Cajaruro', 13),
(560, 'Lamud', 13),
(561, 'Bambamarca', 12),
(562, 'Celendin', 12),
(563, 'Cutervo', 12),
(564, 'Chota', 12),
(565, 'Santa Cruz', 12),
(566, 'Pucallpa', 19),
(567, 'Tingo María', 9),
(568, 'Aucayacu', 9),
(569, 'Tocache', 13),
(570, 'Rioja', 14),
(571, 'Jaén', 12),
(572, 'Bellavista', 12),
(573, 'Chiclayo', 14),
(574, 'Ferreñafe', 14),
(575, 'Lambayeque', 14),
(576, 'Lima', 15),
(577, 'San Juan de Lurigancho', 15),
(578, 'La Victoria', 15),
(579, 'Breña', 15),
(580, 'Ate', 15),
(581, 'Pueblo Libre', 15),
(582, 'San Luis', 15),
(583, 'El Agustino', 15),
(584, 'Carabayllo', 15),
(585, 'Santa Rosa', 15),
(586, 'Santa Anita', 15),
(587, 'Villa María del Triunfo', 15),
(588, 'San Juan de Lurigancho', 15),
(589, 'Chorrillos', 15),
(590, 'Lurín', 15),
(591, 'San Martín de Porres', 15),
(592, 'Los Olivos', 15),
(593, 'Independencia', 15),
(594, 'San Miguel', 15),
(595, 'Magdalena del Mar', 15),
(596, 'Pueblo Libre', 15),
(597, 'San Isidro', 15),
(598, 'San Borja', 15),
(599, 'Chalhuanca', 17),
(600, 'Chuquibambilla', 17),
(601, 'Grau', 17),
(602, 'Los Morochucos', 17),
(603, 'Sarhua', 17),
(604, 'Carapo', 17),
(605, 'Huancaray', 17),
(606, 'Pillpinto', 17),
(607, 'Tambobamba', 17),
(608, 'Coyllurqui', 17),
(609, 'Curpahuasi', 17),
(610, 'Huanipaca', 17),
(611, 'Progreso', 17),
(612, 'Haquira', 17),
(613, 'Mara', 17),
(614, 'Huaynacotas', 17),
(615, 'Soraya', 17),
(616, 'Coris', 17),
(617, 'San Pedro de Cachora', 17),
(618, 'Chiquintirca', 17),
(619, 'Tambuturo', 17),
(620, 'Curasco', 17),
(621, 'Huanca Sancos', 17),
(622, 'Sañayca', 17),
(623, 'Cangallo', 17),
(624, 'Paca', 17),
(625, 'Cosme', 17),
(626, 'Acos Vinchos', 17),
(627, 'Socos', 17),
(628, 'Llusco', 17),
(629, 'San Juan de Iris', 17),
(630, 'San Pedro de Larcay', 17),
(631, 'Anco', 17),
(632, 'Oronccoy', 17),
(633, 'Puquio', 17),
(634, 'Aucara', 17),
(635, 'Cabana', 17),
(636, 'Carmen Salcedo', 17),
(637, 'Chaviña', 17),
(638, 'Cheto', 17),
(639, 'Laramate', 17),
(640, 'Leoncio Prado', 17),
(641, 'Llauta', 17),
(642, 'Luricocha', 17),
(643, 'Llusco', 17),
(644, 'Mamara', 17),
(645, 'Marco', 17),
(646, 'Ocaña', 17),
(647, 'Ocoyo', 17),
(648, 'Pacucha', 17),
(649, 'Pausa', 17),
(650, 'Pomacocha', 17),
(651, 'Rosario', 17),
(652, 'San Antonio', 17),
(653, 'Sara Sara', 17),
(654, 'Upahuacho', 17),
(655, 'Viracochan', 17),
(656, 'Santo Domingo de Capillas', 3),
(657, 'Santo Tomas', 3),
(658, 'Sicuani', 3),
(659, 'Tinta', 3),
(660, 'Checacupe', 3),
(661, 'San Pedro', 3),
(662, 'Marangani', 3),
(663, 'Coporaque', 3),
(664, 'Quehue', 3),
(665, 'Esparza', 3),
(666, 'Huanoquite', 3),
(667, 'Canas', 3),
(668, 'Yanaoca', 3),
(669, 'Tupac Amaru', 3),
(670, 'San Pablo', 3),
(671, 'Combapata', 3),
(672, 'Kunturkanki', 3),
(673, 'Langui', 3),
(674, 'Layo', 3),
(675, 'Pillpinto', 3);



-- Insertar datos en TIENDA
INSERT INTO TIENDA (Tiend_id, Nom_tiend, Direccion, Dist_id)
VALUES 
(1, 'Tienda 1', 'Av. Ejemplo 123', 1), 
(2, 'Tienda 2', 'Calle Principal 456', 2), 
(3, 'Tienda 3', 'Calle San Agustin 401', 3), 
(4, 'Tienda 4', 'Calle San Antonio 156', 4),
(5, 'Tienda 5', 'Av. San Martin s/n', 5),
(6, 'Tienda 6', 'Calle Siempre Viva 586', 6),
(7, 'Tienda 7', 'Av. Los Heroes 202', 7);




INSERT INTO CATEGORIA (Cat_id, Nom_cat)
VALUES
(1, 'Categoría 1' ),
(2, 'Categoría 2'),
(3, 'Categoría 3'),
(4, 'Categoría 4'),
(5, 'Categoría 5'),
(6, 'Categoría 6'),
(7, 'Categoría 7'),
(8, 'Categoría 8'),
(9, 'Categoría 9'),
(10, 'Categoría 10'),
(11, 'Categoría 11'),
(12, 'Categoría 12'),
(13, 'Categoría 13'),
(14, 'Categoría 14'),
(15, 'Categoría 15'),
(16, 'Categoría 16'),
(17, 'Categoría 17'),
(18, 'Categoría 18'),
(19, 'Categoría 19'),
(20, 'Categoría 20'),
(21, 'Categoría 21'),
(22, 'Categoría 22'),
(23, 'Categoría 23'),
(24, 'Categoría 24'),
(25, 'Categoría 25'),
(26, 'Categoría 26'),
(27, 'Categoría 27'),
(28, 'Categoría 28'),
(29, 'Categoría 29'),
(30, 'Categoría 30');


-- Insertar datos en PRODUCTO (50 productos)
INSERT INTO PRODUCTO (Prod_id, Cod_prod, Nom_prod, Peso, Presentac, Fracciones, Prec_compra, Prec_venta, Cat_id)
VALUES
(1, 'P001', 'Producto 1', 1.5, 'Caja', 10, 5.99, 9.99, 3),
(2, 'P002', 'Producto 2', 2.0, 'Botella', 5, 2.99, 4.99, 2),
(3, 'P003', 'Producto 3', 0.5, 'Paquete', 20, 1.25, 2.49, 1),
(4, 'P004', 'Producto 4', 1.0, 'Lata', 15, 1.49, 2.99, 4),
(5, 'P005', 'Producto 5', 2.5, 'Bolsa', 8, 3.75, 6.49, 3),
(6, 'P006', 'Producto 6', 0.75, 'Botella', 12, 0.99, 1.99, 2),
(7, 'P007', 'Producto 7', 1.2, 'Caja', 9, 2.49, 4.29, 1),
(8, 'P008', 'Producto 8', 1.8, 'Botella', 6, 2.25, 3.99, 3),
(9, 'P009', 'Producto 9', 0.4, 'Paquete', 25, 1.15, 2.49, 4),
(10, 'P010', 'Producto 10', 1.0, 'Lata', 20, 1.49, 2.99, 1),
(11, 'P011', 'Producto 11', 2.2, 'Botella', 7, 2.99, 5.49, 2),
(12, 'P012', 'Producto 12', 0.8, 'Caja', 15, 2.49, 4.49, 3),
(13, 'P013', 'Producto 13', 1.0, 'Bolsa', 10, 3.25, 5.49, 4),
(14, 'P014', 'Producto 14', 1.5, 'Paquete', 12, 1.99, 3.99, 2),
(15, 'P015', 'Producto 15', 1.2, 'Lata', 18, 0.99, 1.99, 1),
(16, 'P016', 'Producto 16', 2.0, 'Botella', 6, 2.75, 4.99, 3),
(17, 'P017', 'Producto 17', 0.6, 'Caja', 14, 1.49, 2.99, 4),
(18, 'P018', 'Producto 18', 0.9, 'Botella', 8, 2.25, 3.99, 2),
(19, 'P019', 'Producto 19', 0.3, 'Lata', 22, 0.75, 1.49, 1),
(20, 'P020', 'Producto 20', 1.8, 'Paquete', 11, 3.25, 5.49, 3),
(21, 'P021', 'Producto 21', 1.1, 'Bolsa', 9, 1.99, 3.49, 4),
(22, 'P022', 'Producto 22', 0.7, 'Botella', 13, 2.49, 4.29, 2),
(23, 'P023', 'Producto 23', 0.5, 'Caja', 16, 1.25, 2.49, 1),
(24, 'P024', 'Producto 24', 2.4, 'Lata', 6, 0.99, 1.99, 3),
(25, 'P025', 'Producto 25', 1.3, 'Botella', 10, 2.75, 4.99, 2),
(26, 'P026', 'Producto 26', 0.9, 'Paquete', 12, 2.49, 4.49, 1),
(27, 'P027', 'Producto 27', 0.4, 'Caja', 20, 1.99, 3.99, 4),
(28, 'P028', 'Producto 28', 1.2, 'Botella', 14, 1.49, 2.99, 3),
(29, 'P029', 'Producto 29', 0.7, 'Lata', 18, 0.75, 1.49, 2),
(30, 'P030', 'Producto 30', 1.6, 'Bolsa', 8, 3.25, 5.49, 1),
(31, 'P031', 'Producto 31', 1.1, 'Paquete', 11, 1.99, 3.49, 4),
(32, 'P032', 'Producto 32', 0.5, 'Botella', 15, 2.49, 4.29, 3),
(33, 'P033', 'Producto 33', 0.6, 'Caja', 12, 1.25, 2.49, 2),
(34, 'P034', 'Producto 34', 2.1, 'Lata', 9, 0.99, 1.99, 1),
(35, 'P035', 'Producto 35', 1.4, 'Botella', 13, 2.75, 4.99, 3),
(36, 'P036', 'Producto 36', 0.8, 'Bolsa', 10, 2.49, 4.49, 4),
(37, 'P037', 'Producto 37', 0.3, 'Paquete', 16, 1.49, 2.99, 2),
(38, 'P038', 'Producto 38', 0.9, 'Caja', 14, 0.75, 1.49, 1),
(39, 'P039', 'Producto 39', 1.9, 'Lata', 8, 3.25, 5.49, 3),
(40, 'P040', 'Producto 40', 1.0, 'Botella', 12, 1.99, 3.49, 2),
(41, 'P041', 'Producto 41', 0.7, 'Paquete', 15, 2.49, 4.29, 4),
(42, 'P042', 'Producto 42', 0.6, 'Bolsa', 18, 1.25, 2.49, 1),
(43, 'P043', 'Producto 43', 1.5, 'Caja', 10, 0.99, 1.99, 3),
(44, 'P044', 'Producto 44', 2.2, 'Botella', 9, 2.75, 4.99, 2),
(45, 'P045', 'Producto 45', 0.8, 'Lata', 14, 2.49, 4.49, 1),
(46, 'P046', 'Producto 46', 1.0, 'Paquete', 11, 0.75, 1.49, 3),
(47, 'P047', 'Producto 47', 1.2, 'Botella', 7, 3.25, 5.49, 4),
(48, 'P048', 'Producto 48', 0.9, 'Bolsa', 12, 1.99, 3.49, 2),
(49, 'P049', 'Producto 49', 0.4, 'Caja', 20, 2.49, 4.29, 1),
(50, 'P050', 'Producto 50', 1.1, 'Lata', 12, 1.25, 2.49, 3);


-- Insertar datos en CLIENTE (2000 CLIENTE)
INSERT INTO CLIENTE (Cli_id, Nom_cli)
VALUES
(1, 'Juan Pérez'),
(2, 'María Rodríguez'),
(3, 'Luis García'),
(4, 'Ana Martínez'),
(5, 'Carlos López'),
(6, 'Elena Sánchez'),
(7, 'Andrés González'),
(8, 'Laura Fernández'),
(9, 'Pedro González'),
(10, 'Sofía Morales'),
(11, 'Javier Ruiz'),
(12, 'Isabel Torres'),
(13, 'Martín Díaz'),
(14, 'Lucía Rodríguez'),
(15, 'Fernando Pérez'),
(16, 'Valentina López'),
(17, 'Alejandro Martínez'),
(18, 'Carmen Sánchez'),
(19, 'Miguel López'),
(20, 'Adriana Ramírez'),
(21, 'Diego González'),
(22, 'Natalia López'),
(23, 'José Sánchez'),
(24, 'Paula Martínez'),
(25, 'Andrea Díaz'),
(26, 'Joaquín García'),
(27, 'Lorena Rodríguez'),
(28, 'Daniel Pérez'),
(29, 'María Fernández'),
(30, 'Ricardo Torres'),
(31, 'Sara García'),
(32, 'Héctor López'),
(33, 'Sandra Martínez'),
(34, 'Pablo González'),
(35, 'Ana Fernández'),
(36, 'Roberto Pérez'),
(37, 'Verónica Sánchez'),
(38, 'Jorge Torres'),
(39, 'Valeria Ramírez'),
(40, 'Manuel López'),
(41, 'Isabella García'),
(42, 'Juan Pérez'),
(43, 'Mónica Rodríguez'),
(44, 'Antonio Sánchez'),
(45, 'Camila Martínez'),
(46, 'Lucas Fernández'),
(47, 'Rosa Díaz'),
(48, 'Germán López'),
(49, 'Marina Sánchez'),
(50, 'Federico Martínez'),
(51, 'Susana García'),
(52, 'Raúl Torres'),
(53, 'Lourdes Rodríguez'),
(54, 'Alberto Pérez'),
(55, 'Carolina López'),
(56, 'Eduardo González'),
(57, 'Alicia Ramírez'),
(58, 'Patricio Martínez'),
(59, 'Ximena Pérez'),
(60, 'Hugo Sánchez'),
(61, 'Gabriela Torres'),
(62, 'Renato García'),
(63, 'Cecilia López'),
(64, 'Fernando Rodríguez'),
(65, 'Sonia Pérez'),
(66, 'Julio Martínez'),
(67, 'Margarita González'),
(68, 'René Sánchez'),
(69, 'Elisa Ramírez'),
(70, 'Leonardo López'),
(71, 'Beatriz Martínez'),
(72, 'Sebastián García'),
(73, 'Carla Torres'),
(74, 'Felipe Díaz'),
(75, 'Gladys López'),
(76, 'Arturo Pérez'),
(77, 'Olga Rodríguez'),
(78, 'Lázaro Sánchez'),
(79, 'Inés Martínez'),
(80, 'Eduardo García'),
(81, 'Rosario López'),
(82, 'Diana Ramírez'),
(83, 'Manuel González'),
(84, 'Aurora Torres'),
(85, 'Nicolás Pérez'),
(86, 'Catalina Martínez'),
(87, 'Oscar Sánchez'),
(88, 'Nora Díaz'),
(89, 'Gonzalo López'),
(90, 'Eugenia Rodríguez'),
(91, 'Mariano Martínez'),
(92, 'Carmen García'),
(93, 'Pascual Torres'),
(94, 'Lola Sánchez'),
(95, 'Feliciano Ramírez'),
(96, 'Silvia López'),
(97, 'Tadeo Pérez'),
(98, 'Rita Rodríguez'),
(99, 'Marcos Martínez'),
(100, 'Soraya García'),
(101, 'Marcelo Fernández'),
(102, 'Gabriela López'),
(103, 'Juan Carlos Pérez'),
(104, 'Alejandra Sánchez'),
(105, 'Joaquín Martínez'),
(106, 'Luz Rodríguez'),
(107, 'Federico García'),
(108, 'Renata Torres'),
(109, 'Adrián Díaz'),
(110, 'Valeria López'),
(111, 'Felipe González'),
(112, 'Camila Ramírez'),
(113, 'Lorenzo Pérez'),
(114, 'Ana María Martínez'),
(115, 'Sergio Sánchez'),
(116, 'Patricia Torres'),
(117, 'Rodrigo García'),
(118, 'Florencia López'),
(119, 'Marcos Rodríguez'),
(120, 'Estela Martínez'),
(121, 'Andrés Pérez'),
(122, 'Elena Sánchez'),
(123, 'Luis Miguel García'),
(124, 'Ana Sofía Torres'),
(125, 'Feliciano Díaz'),
(126, 'Lorena López'),
(127, 'Javier González'),
(128, 'Ana Paula Ramírez'),
(129, 'Carlos Pérez'),
(130, 'Mónica Martínez'),
(131, 'Ricardo Sánchez'),
(132, 'Carolina Torres'),
(133, 'Gustavo García'),
(134, 'Pamela López'),
(135, 'Manuel Rodríguez'),
(136, 'Natalia Martínez'),
(137, 'Jorge Pérez'),
(138, 'Raquel Sánchez'),
(139, 'Daniel Torres'),
(140, 'Patricia García'),
(141, 'Joaquín López'),
(142, 'Luz María Ramírez'),
(143, 'Roberto Díaz'),
(144, 'Valentina Sánchez'),
(145, 'Luis Carlos Torres'),
(146, 'Isabel García'),
(147, 'Cristian López'),
(148, 'Viviana Rodríguez'),
(149, 'Marcelo Martínez'),
(150, 'Natalia Sánchez'),
(151, 'Felipe Torres'),
(152, 'María Elena García'),
(153, 'Lucas López'),
(154, 'Antonia Ramírez'),
(155, 'Juan Manuel Pérez'),
(156, 'Aurora Martínez'),
(157, 'Santiago Sánchez'),
(158, 'Rosa Torres'),
(159, 'Fernando García'),
(160, 'Eugenia López'),
(161, 'José Luis Rodríguez'),
(162, 'María Teresa Martínez'),
(163, 'Ignacio Sánchez'),
(164, 'Paula Torres'),
(165, 'Miguel Ángel García'),
(166, 'Sara López'),
(167, 'Simón Ramírez'),
(168, 'Silvia Pérez'),
(169, 'Martín Martínez'),
(170, 'Elisa Sánchez'),
(171, 'César Torres'),
(172, 'Natalia García'),
(173, 'Emilio López'),
(174, 'María José Rodríguez'),
(175, 'Javier Martínez'),
(176, 'Fabiola Sánchez'),
(177, 'Andrea Torres'),
(178, 'Mauricio García'),
(179, 'Lourdes López'),
(180, 'Fernando Ramírez'),
(181, 'Valentina Pérez'),
(182, 'Roberto Martínez'),
(183, 'Lidia Sánchez'),
(184, 'Diego Torres'),
(185, 'Claudia García'),
(186, 'Héctor López'),
(187, 'Gladys Rodríguez'),
(188, 'Joaquín Martínez'),
(189, 'Andrea Sánchez'),
(190, 'Luis Miguel Torres'),
(191, 'Sofía García'),
(192, 'Renato López'),
(193, 'Ana Paula Ramírez'),
(194, 'Jorge Pérez'),
(195, 'Carla Sánchez'),
(196, 'Lorenzo Martínez'),
(197, 'Elena Rodríguez'),
(198, 'Felipe Torres'),
(199, 'María Elena García'),
(200, 'Patricia López'),
(201, 'Santiago Martínez'),
(202, 'Camila Sánchez'),
(203, 'Federico Torres'),
(204, 'Valeria García'),
(205, 'Sergio López'),
(206, 'Renata Rodríguez'),
(207, 'Cristian Martínez'),
(208, 'Pamela Sánchez'),
(209, 'Manuel Torres'),
(210, 'Isabel García'),
(211, 'Roberto López'),
(212, 'Viviana Martínez'),
(213, 'Carlos Sánchez'),
(214, 'Joaquín Torres'),
(215, 'Lucas García'),
(216, 'Luz María López'),
(217, 'Feliciano Rodríguez'),
(218, 'Sara Martínez'),
(219, 'Fernando Sánchez'),
(220, 'Natalia Torres'),
(221, 'Valentina García'),
(222, 'Luis Carlos López'),
(223, 'Daniel Rodríguez'),
(224, 'Felipe Sánchez'),
(225, 'Rosa Torres'),
(226, 'Marcelo García'),
(227, 'Eugenia López'),
(228, 'Gustavo Martínez'),
(229, 'Lucia Sánchez'),
(230, 'Javier López'),
(231, 'Roberto Rodríguez'),
(232, 'Carmen Martínez'),
(233, 'Patricia Sánchez'),
(234, 'Joaquín Torres'),
(235, 'Elena García'),
(236, 'Federico López'),
(237, 'Lorenzo Rodríguez'),
(238, 'Felipe Martínez'),
(239, 'Sandra Sánchez'),
(240, 'Manuel López'),
(241, 'Renata Martínez'),
(242, 'Carmen García'),
(243, 'Feliciano López'),
(244, 'Sonia Sánchez'),
(245, 'Pablo Torres'),
(246, 'Aurora García'),
(247, 'Raúl López'),
(248, 'Antonia Martínez'),
(249, 'Daniel Sánchez'),
(250, 'Olga Torres'),
(251, 'Miguel López'),
(252, 'Valeria García'),
(253, 'Lucas Martínez'),
(254, 'Ricardo Sánchez'),
(255, 'María López'),
(256, 'Paula Rodríguez'),
(257, 'Diego García'),
(258, 'Sara López'),
(259, 'Joaquín Martínez'),
(260, 'Eduardo Sánchez'),
(261, 'Ana Paula Torres'),
(262, 'Valentina López'),
(263, 'Felipe Martínez'),
(264, 'Rosa García'),
(265, 'Luis Miguel López'),
(266, 'Manuel Rodríguez'),
(267, 'María Sánchez'),
(268, 'Lucia Torres'),
(269, 'Fernando García'),
(270, 'Cecilia López'),
(271, 'Renato Martínez'),
(272, 'Javier Sánchez'),
(273, 'Feliciano Torres'),
(274, 'Marina García'),
(275, 'Natalia López'),
(276, 'Roberto Rodríguez'),
(277, 'Diego Martínez'),
(278, 'Ricardo Sánchez'),
(279, 'Andrea López'),
(280, 'Carmen Torres'),
(281, 'Sofía García'),
(282, 'Federico López'),
(283, 'Marcelo Martínez'),
(284, 'Manuela Sánchez'),
(285, 'Joaquín Torres'),
(286, 'Lucia García'),
(287, 'Santiago López'),
(288, 'Patricia Rodríguez'),
(289, 'Felipe Sánchez'),
(290, 'Natalia Martínez'),
(291, 'Valentina Sánchez'),
(292, 'Mauricio García'),
(293, 'Ana Paula López'),
(294, 'Roberto Torres'),
(295, 'Lorenzo García'),
(296, 'Carla Martínez'),
(297, 'Lucas Sánchez'),
(298, 'Isabel García'),
(299, 'Felipe López'),
(300, 'Gladys Torres'),
(301, 'Renato García'),
(302, 'Elena López'),
(303, 'Daniel Martínez'),
(304, 'Sergio Sánchez'),
(305, 'Valeria López'),
(306, 'Antonio García'),
(307, 'Alicia Rodríguez'),
(308, 'Marcelo Martínez'),
(309, 'Javier Sánchez'),
(310, 'Andrea López'),
(311, 'Luz Torres'),
(312, 'Felipe García'),
(313, 'Laura López'),
(314, 'Sofía Torres'),
(315, 'Ricardo García'),
(316, 'Camila Martínez'),
(317, 'Joaquín Sánchez'),
(318, 'Lucia García'),
(319, 'Valentina López'),
(320, 'Feliciano García'),
(321, 'Andrea Torres'),
(322, 'Sergio López'),
(323, 'Gonzalo García'),
(324, 'Manuela Martínez'),
(325, 'Lorenzo Sánchez'),
(326, 'Carmen Torres'),
(327, 'Juan Pérez'),
(328, 'María Rodríguez'),
(329, 'Luis García'),
(330, 'Ana Martínez'),
(331, 'Carlos López'),
(332, 'Elena Sánchez'),
(333, 'Andrés González'),
(334, 'Laura Fernández'),
(335, 'Pedro González'),
(336, 'Sofía Morales'),
(337, 'Javier Ruiz'),
(338, 'Isabel Torres'),
(339, 'Martín Díaz'),
(340, 'Lucía Rodríguez'),
(341, 'Fernando Pérez'),
(342, 'Valentina López'),
(343, 'Alejandro Martínez'),
(344, 'Carmen Sánchez'),
(345, 'Miguel López'),
(346, 'Adriana Ramírez'),
(347, 'Diego González'),
(348, 'Natalia López'),
(349, 'José Sánchez'),
(350, 'Paula Martínez'),
(351, 'Andrés López'),
(352, 'Elena Sánchez'),
(353, 'Luis Miguel García'),
(354, 'Ana Sofía Torres'),
(355, 'Feliciano Díaz'),
(356, 'Lorena López'),
(357, 'Javier González'),
(358, 'Ana Paula Ramírez'),
(359, 'Carlos Pérez'),
(360, 'Mónica Martínez'),
(361, 'Ricardo Sánchez'),
(362, 'Carolina Torres'),
(363, 'Gustavo García'),
(364, 'Pamela López'),
(365, 'Manuel Rodríguez'),
(366, 'Natalia Martínez'),
(367, 'Jorge Pérez'),
(368, 'Raquel Sánchez'),
(369, 'Daniel Torres'),
(370, 'Patricia García'),
(371, 'Joaquín López'),
(372, 'Luz María Ramírez'),
(373, 'Roberto Díaz'),
(374, 'Valentina Sánchez'),
(375, 'Luis Carlos Torres'),
(376, 'Isabel García'),
(377, 'Cristian López'),
(378, 'Viviana Rodríguez'),
(379, 'Marcelo Martínez'),
(380, 'Natalia Sánchez'),
(381, 'Felipe Torres'),
(382, 'María Elena García'),
(383, 'Lucas López'),
(384, 'Antonia Ramírez'),
(385, 'Juan Manuel Pérez'),
(386, 'Aurora Martínez'),
(387, 'Santiago Sánchez'),
(388, 'Rosa Torres'),
(389, 'Fernando García'),
(390, 'Eugenia López'),
(391, 'José Luis Rodríguez'),
(392, 'María Teresa Martínez'),
(393, 'Ignacio Sánchez'),
(394, 'Paula Torres'),
(395, 'Miguel Ángel García'),
(396, 'Sara López'),
(397, 'Simón Ramírez'),
(398, 'Silvia Pérez'),
(399, 'Martín Martínez'),
(400, 'Elisa Sánchez'),
(401, 'César Torres'),
(402, 'Natalia García'),
(403, 'Emilio López'),
(404, 'María José Rodríguez'),
(405, 'Javier Martínez'),
(406, 'Fabiola Sánchez'),
(407, 'Andrea Torres'),
(408, 'Mauricio García'),
(409, 'Lourdes López'),
(410, 'Fernando Ramírez'),
(411, 'Valentina Pérez'),
(412, 'Roberto Martínez'),
(413, 'Lidia Sánchez'),
(414, 'Diego Torres'),
(415, 'Claudia García'),
(416, 'Héctor López'),
(417, 'Gladys Rodríguez'),
(418, 'Joaquín Martínez'),
(419, 'Andrea Sánchez'),
(420, 'Luis Miguel Torres'),
(421, 'Sofía García'),
(422, 'Renato López'),
(423, 'Ana Paula Ramírez'),
(424, 'Jorge Pérez'),
(425, 'Carla Sánchez'),
(426, 'Lorenzo Martínez'),
(427, 'Elena Rodríguez'),
(428, 'Felipe Torres'),
(429, 'María Elena García'),
(430, 'Patricia López'),
(431, 'Santiago Martínez'),
(432, 'Camila Sánchez'),
(433, 'Federico Torres'),
(434, 'Valeria García'),
(435, 'Sergio López'),
(436, 'Renata Rodríguez'),
(437, 'Cristian Martínez'),
(438, 'Pamela Sánchez'),
(439, 'Manuel Torres'),
(440, 'Isabel García'),
(441, 'Roberto López'),
(442, 'Viviana Martínez'),
(443, 'Carlos Sánchez'),
(444, 'Joaquín Torres'),
(445, 'Lucas García'),
(446, 'Luz María López'),
(447, 'Feliciano Rodríguez'),
(448, 'Sara Martínez'),
(449, 'Fernando Sánchez'),
(450, 'Natalia Torres'),
(451, 'Valentina García'),
(452, 'Luis Carlos López'),
(453, 'Daniel Rodríguez'),
(454, 'Felipe Sánchez'),
(455, 'Rosa Torres'),
(456, 'Marcelo García'),
(457, 'Eugenia López'),
(458, 'Gustavo Martínez'),
(459, 'Lucia Sánchez'),
(460, 'Javier López'),
(461, 'Roberto Rodríguez'),
(462, 'Carmen Martínez'),
(463, 'Patricia Sánchez'),
(464, 'Joaquín Torres'),
(465, 'Elena García'),
(466, 'Federico López'),
(467, 'Lorenzo Rodríguez'),
(468, 'Felipe Martínez'),
(469, 'Sandra Sánchez'),
(470, 'Manuel López'),
(471, 'Renata Martínez'),
(472, 'Carmen García'),
(473, 'Feliciano López'),
(474, 'Sonia Sánchez'),
(475, 'Pablo Torres'),
(476, 'Aurora García'),
(477, 'Raúl López'),
(478, 'Antonia Martínez'),
(479, 'Daniel Sánchez'),
(480, 'Olga Torres'),
(481, 'Miguel López'),
(482, 'Valeria García'),
(483, 'Lucas Martínez'),
(484, 'Ricardo Sánchez'),
(485, 'María López'),
(486, 'Paula Rodríguez'),
(487, 'Diego García'),
(488, 'Sara López'),
(489, 'Joaquín Martínez'),
(490, 'Eduardo Sánchez'),
(491, 'Ana Paula Torres'),
(492, 'Valentina López'),
(493, 'Felipe Martínez'),
(494, 'Rosa García'),
(495, 'Luis Miguel López'),
(496, 'Manuel Rodríguez'),
(497, 'María Sánchez'),
(498, 'Lucia Torres'),
(499, 'Fernando García'),
(500, 'Cecilia López'),
(501, 'Renato Martínez'),
(502, 'Javier Sánchez'),
(503, 'Feliciano Torres'),
(504, 'Marina García'),
(505, 'Natalia López'),
(506, 'Roberto Rodríguez'),
(507, 'Diego Martínez'),
(508, 'Ricardo Sánchez'),
(509, 'Andrea López'),
(510, 'Carmen Torres'),
(511, 'Sofía García'),
(512, 'Federico López'),
(513, 'Marcelo Martínez'),
(514, 'Manuela Sánchez'),
(515, 'Joaquín Torres'),
(516, 'Lucia García'),
(517, 'Santiago López'),
(518, 'Patricia Rodríguez'),
(519, 'Felipe Sánchez'),
(520, 'Natalia Martínez'),
(521, 'Valentina Sánchez'),
(522, 'Mauricio García'),
(523, 'Ana Paula López'),
(524, 'Roberto Torres'),
(525, 'Lorenzo García'),
(526, 'Carla Martínez'),
(527, 'Lucas Sánchez'),
(528, 'Isabel García'),
(529, 'Felipe López'),
(530, 'Gladys Torres'),
(531, 'Renato García'),
(532, 'Elena López'),
(533, 'Daniel Martínez'),
(534, 'Sergio Sánchez'),
(535, 'Valeria López'),
(536, 'Antonio García'),
(537, 'Alicia Rodríguez'),
(538, 'Marcelo Martínez'),
(539, 'Javier Sánchez'),
(540, 'Andrea López'),
(541, 'Luz Torres'),
(542, 'Felipe García'),
(543, 'Laura López'),
(544, 'Sofía Torres'),
(545, 'Ricardo García'),
(546, 'Camila Martínez'),
(547, 'Joaquín Sánchez'),
(548, 'Lucia García'),
(549, 'Valentina López'),
(550, 'Feliciano García'),
(551, 'Andrea Torres'),
(552, 'Sergio López'),
(553, 'Gonzalo García'),
(554, 'Manuela Martínez'),
(555, 'Lorenzo Sánchez'),
(556, 'Carmen Torres'),
(557, 'Juan Pérez'),
(558, 'María Rodríguez'),
(559, 'Luis García'),
(560, 'Ana Martínez'),
(561, 'Carlos López'),
(562, 'Elena Sánchez'),
(563, 'Andrés González'),
(564, 'Laura Fernández'),
(565, 'Pedro González'),
(566, 'Sofía Morales'),
(567, 'Javier Ruiz'),
(568, 'Isabel Torres'),
(569, 'Martín Díaz'),
(570, 'Lucía Rodríguez'),
(571, 'Fernando Pérez'),
(572, 'Valentina López'),
(573, 'Alejandro Martínez'),
(574, 'Carmen Sánchez'),
(575, 'Miguel López'),
(576, 'Adriana Ramírez'),
(577, 'Diego González'),
(578, 'Natalia López'),
(579, 'José Sánchez'),
(580, 'Paula Martínez'),
(581, 'Andrés López'),
(582, 'Elena Sánchez'),
(583, 'Luis Miguel García'),
(584, 'Ana Sofía Torres'),
(585, 'Feliciano Díaz'),
(586, 'Lorena López'),
(587, 'Javier González'),
(588, 'Ana Paula Ramírez'),
(589, 'Carlos Pérez'),
(590, 'Mónica Martínez'),
(591, 'Ricardo Sánchez'),
(592, 'Carolina Torres'),
(593, 'Gustavo García'),
(594, 'Pamela López'),
(595, 'Manuel Rodríguez'),
(596, 'Natalia Martínez'),
(597, 'Jorge Pérez'),
(598, 'Raquel Sánchez'),
(599, 'Daniel Torres'),
(600, 'Patricia García'),
(601, 'Joaquín López'),
(602, 'Luz María Ramírez'),
(603, 'Roberto Díaz'),
(604, 'Valentina Sánchez'),
(605, 'Luis Carlos Torres'),
(606, 'Isabel García'),
(607, 'Cristian López'),
(608, 'Viviana Rodríguez'),
(609, 'Marcelo Martínez'),
(610, 'Natalia Sánchez'),
(611, 'Felipe Torres'),
(612, 'María Elena García'),
(613, 'Lucas López'),
(614, 'Antonia Ramírez'),
(615, 'Juan Manuel Pérez'),
(616, 'Aurora Martínez'),
(617, 'Santiago Sánchez'),
(618, 'Rosa Torres'),
(619, 'Fernando García'),
(620, 'Eugenia López'),
(621, 'José Luis Rodríguez'),
(622, 'María Teresa Martínez'),
(623, 'Ignacio Sánchez'),
(624, 'Paula Torres'),
(625, 'Miguel Ángel García'),
(626, 'Sara López'),
(627, 'Simón Ramírez'),
(628, 'Silvia Pérez'),
(629, 'Martín Martínez'),
(630, 'Elisa Sánchez'),
(631, 'César Torres'),
(632, 'Natalia García'),
(633, 'Emilio López'),
(634, 'María José Rodríguez'),
(635, 'Javier Martínez'),
(636, 'Fabiola Sánchez'),
(637, 'Andrea Torres'),
(638, 'Mauricio García'),
(639, 'Lourdes López'),
(640, 'Fernando Ramírez'),
(641, 'Valentina Pérez'),
(642, 'Roberto Martínez'),
(643, 'Lidia Sánchez'),
(644, 'Diego Torres'),
(645, 'Claudia García'),
(646, 'Héctor López'),
(647, 'Gladys Rodríguez'),
(648, 'Joaquín Martínez'),
(649, 'Andrea Sánchez'),
(650, 'Luis Miguel Torres'),
(651, 'Sofía García'),
(652, 'Renato López'),
(653, 'Ana Paula Ramírez'),
(654, 'Jorge Pérez'),
(655, 'Carla Sánchez'),
(656, 'Lorenzo Martínez'),
(657, 'Elena Rodríguez'),
(658, 'Felipe Torres'),
(659, 'María Elena García'),
(660, 'Patricia López'),
(661, 'Santiago Martínez'),
(662, 'Camila Sánchez'),
(663, 'Federico Torres'),
(664, 'Valeria García'),
(665, 'Sergio López'),
(666, 'Renata Rodríguez'),
(667, 'Cristian Martínez'),
(668, 'Pamela Sánchez'),
(669, 'Manuel Torres'),
(670, 'Isabel García'),
(671, 'Roberto López'),
(672, 'Viviana Martínez'),
(673, 'Carlos Sánchez'),
(674, 'Joaquín Torres'),
(675, 'Lucas García'),
(676, 'Luz María López'),
(677, 'Feliciano Rodríguez'),
(678, 'Sara Martínez'),
(679, 'Fernando Sánchez'),
(680, 'Natalia Torres'),
(681, 'Valentina García'),
(682, 'Luis Carlos López'),
(683, 'Daniel Rodríguez'),
(684, 'Felipe Sánchez'),
(685, 'Rosa Torres'),
(686, 'Marcelo García'),
(687, 'Eugenia López'),
(688, 'Gustavo Martínez'),
(689, 'Lucia Sánchez'),
(690, 'Javier López'),
(691, 'Roberto Rodríguez'),
(692, 'Carmen Martínez'),
(693, 'Patricia Sánchez'),
(694, 'Joaquín Torres'),
(695, 'Elena García'),
(696, 'Federico López'),
(697, 'Lorenzo Rodríguez'),
(698, 'Felipe Martínez'),
(699, 'Sandra Sánchez'),
(700, 'Manuel López'),
(701, 'Renata Martínez'),
(702, 'Carmen García'),
(703, 'Feliciano López'),
(704, 'Sonia Sánchez'),
(705, 'Pablo Torres'),
(706, 'Aurora García'),
(707, 'Raúl López'),
(708, 'Antonia Martínez'),
(709, 'Daniel Sánchez'),
(710, 'Olga Torres'),
(711, 'Miguel López'),
(712, 'Valeria García'),
(713, 'Lucas Martínez'),
(714, 'Ricardo Sánchez'),
(715, 'María López'),
(716, 'Paula Rodríguez'),
(717, 'Diego García'),
(718, 'Sara López'),
(719, 'Joaquín Martínez'),
(720, 'Eduardo Sánchez'),
(721, 'Ana Paula Torres'),
(722, 'Valentina López'),
(723, 'Felipe Martínez'),
(724, 'Rosa García'),
(725, 'Luis Miguel López'),
(726, 'Manuel Rodríguez'),
(727, 'María Sánchez'),
(728, 'Lucia Torres'),
(729, 'Fernando García'),
(730, 'Cecilia López'),
(731, 'Renato Martínez'),
(732, 'Javier Sánchez'),
(733, 'Feliciano Torres'),
(734, 'Marina García'),
(735, 'Natalia López'),
(736, 'Roberto Rodríguez'),
(737, 'Diego Martínez'),
(738, 'Ricardo Sánchez'),
(739, 'Andrea López'),
(740, 'Carmen Torres'),
(741, 'Sofía García'),
(742, 'Federico López'),
(743, 'Marcelo Martínez'),
(744, 'Manuela Sánchez'),
(745, 'Joaquín Torres'),
(746, 'Lucia García'),
(747, 'Santiago López'),
(748, 'Patricia Rodríguez'),
(749, 'Felipe Sánchez'),
(750, 'Natalia Martínez'),
(751, 'Valentina Sánchez'),
(752, 'Mauricio García'),
(753, 'Ana Paula López'),
(754, 'Roberto Torres'),
(755, 'Lorenzo García'),
(756, 'Carla Martínez'),
(757, 'Lucas Sánchez'),
(758, 'Isabel García'),
(759, 'Felipe López'),
(760, 'Gladys Torres'),
(761, 'Renato García'),
(762, 'Elena López'),
(763, 'Daniel Martínez'),
(764, 'Sergio Sánchez'),
(765, 'Valeria López'),
(766, 'Antonio García'),
(767, 'Alicia Rodríguez'),
(768, 'Marcelo Martínez'),
(769, 'Javier Sánchez'),
(770, 'Andrea López'),
(771, 'Luz Torres'),
(772, 'Felipe García'),
(773, 'Laura López'),
(774, 'Sofía Torres'),
(775, 'Ricardo García'),
(776, 'Camila Martínez'),
(777, 'Joaquín Sánchez'),
(778, 'Lucia García'),
(779, 'Valentina López'),
(780, 'Feliciano García'),
(781, 'Andrea Torres'),
(782, 'Sergio López'),
(783, 'Gonzalo García'),
(784, 'Manuela Martínez'),
(785, 'Lorenzo Sánchez'),
(786, 'Carmen Torres'),
(787, 'Juan Pérez'),
(788, 'María Rodríguez'),
(789, 'Luis García'),
(790, 'Ana Martínez'),
(791, 'Carlos López'),
(792, 'Elena Sánchez'),
(793, 'Andrés González'),
(794, 'Laura Fernández'),
(795, 'Pedro González'),
(796, 'Sofía Morales'),
(797, 'Javier Ruiz'),
(798, 'Isabel Torres'),
(799, 'Martín Díaz'),
(800, 'Lucía Rodríguez'),
(801, 'Fernando Pérez'),
(802, 'Valentina López'),
(803, 'Alejandro Martínez'),
(804, 'Carmen Sánchez'),
(805, 'Miguel López'),
(806, 'Adriana Ramírez'),
(807, 'Diego González'),
(808, 'Natalia López'),
(809, 'José Sánchez'),
(810, 'Paula Martínez'),
(811, 'Andrés López'),
(812, 'Elena Sánchez'),
(813, 'Luis Miguel García'),
(814, 'Ana Sofía Torres'),
(815, 'Feliciano Díaz'),
(816, 'Lorena López'),
(817, 'Javier González'),
(818, 'Ana Paula Ramírez'),
(819, 'Carlos Pérez'),
(820, 'Mónica Martínez'),
(821, 'Ricardo Sánchez'),
(822, 'Carolina Torres'),
(823, 'Gustavo García'),
(824, 'Pamela López'),
(825, 'Manuel Rodríguez'),
(826, 'Natalia Martínez'),
(827, 'Jorge Pérez'),
(828, 'Raquel Sánchez'),
(829, 'Daniel Torres'),
(830, 'Patricia García'),
(831, 'Joaquín López'),
(832, 'Luz María Ramírez'),
(833, 'Roberto Díaz'),
(834, 'Valentina Sánchez'),
(835, 'Luis Carlos Torres'),
(836, 'Isabel García'),
(837, 'Cristian López'),
(838, 'Viviana Rodríguez'),
(839, 'Marcelo Martínez'),
(840, 'Natalia Sánchez'),
(841, 'Felipe Torres'),
(842, 'María Elena García'),
(843, 'Lucas López'),
(844, 'Antonia Ramírez'),
(845, 'Juan Manuel Pérez'),
(846, 'Aurora Martínez'),
(847, 'Santiago Sánchez'),
(848, 'Rosa Torres'),
(849, 'Fernando García'),
(850, 'Eugenia López'),
(851, 'José Luis Rodríguez'),
(852, 'María Teresa Martínez'),
(853, 'Ignacio Sánchez'),
(854, 'Paula Torres'),
(855, 'Miguel Ángel García'),
(856, 'Sara López'),
(857, 'Simón Ramírez'),
(858, 'Silvia Pérez'),
(859, 'Martín Martínez'),
(860, 'Elisa Sánchez'),
(861, 'César Torres'),
(862, 'Natalia García'),
(863, 'Emilio López'),
(864, 'María José Rodríguez'),
(865, 'Javier Martínez'),
(866, 'Fabiola Sánchez'),
(867, 'Andrea Torres'),
(868, 'Mauricio García'),
(869, 'Lourdes López'),
(870, 'Fernando Ramírez'),
(871, 'Valentina Pérez'),
(872, 'Roberto Martínez'),
(873, 'Lidia Sánchez'),
(874, 'Diego Torres'),
(875, 'Claudia García'),
(876, 'Héctor López'),
(877, 'Gladys Rodríguez'),
(878, 'Joaquín Martínez'),
(879, 'Andrea Sánchez'),
(880, 'Luis Miguel Torres'),
(881, 'Sofía García'),
(882, 'Renato López'),
(883, 'Ana Paula Ramírez'),
(884, 'Jorge Pérez'),
(885, 'Carla Sánchez'),
(886, 'Lorenzo Martínez'),
(887, 'Elena Rodríguez'),
(888, 'Felipe Torres'),
(889, 'María Elena García'),
(890, 'Patricia López'),
(891, 'Santiago Martínez'),
(892, 'Camila Sánchez'),
(893, 'Federico Torres'),
(894, 'Valeria García'),
(895, 'Sergio López'),
(896, 'Renata Rodríguez'),
(897, 'Cristian Martínez'),
(898, 'Pamela Sánchez'),
(899, 'Manuel Torres'),
(900, 'Isabel García'),
(901, 'Roberto López'),
(902, 'Viviana Martínez'),
(903, 'Carlos Sánchez'),
(904, 'Joaquín Torres'),
(905, 'Lucas García'),
(906, 'Luz María López'),
(907, 'Feliciano Rodríguez'),
(908, 'Sara Martínez'),
(909, 'Fernando Sánchez'),
(910, 'Natalia Torres'),
(911, 'Valentina García'),
(912, 'Luis Carlos López'),
(913, 'Daniel Rodríguez'),
(914, 'Felipe Sánchez'),
(915, 'Rosa Torres'),
(916, 'Marcelo García'),
(917, 'Eugenia López'),
(918, 'Gustavo Martínez'),
(919, 'Lucia Sánchez'),
(920, 'Javier López'),
(921, 'Roberto Rodríguez'),
(922, 'Carmen Martínez'),
(923, 'Patricia Sánchez'),
(924, 'Joaquín Torres'),
(925, 'Elena García'),
(926, 'Federico López'),
(927, 'Lorenzo Rodríguez'),
(928, 'Felipe Martínez'),
(929, 'Sandra Sánchez'),
(930, 'Manuel López'),
(931, 'Renata Martínez'),
(932, 'Carmen García'),
(933, 'Feliciano López'),
(934, 'Sonia Sánchez'),
(935, 'Pablo Torres'),
(936, 'Aurora García'),
(937, 'Raúl López'),
(938, 'Antonia Martínez'),
(939, 'Daniel Sánchez'),
(940, 'Olga Torres'),
(941, 'Miguel López'),
(942, 'Valeria García'),
(943, 'Lucas Martínez'),
(944, 'Ricardo Sánchez'),
(945, 'María López'),
(946, 'Paula Rodríguez'),
(947, 'Diego García'),
(948, 'Sara López'),
(949, 'Joaquín Martínez'),
(950, 'Eduardo Sánchez'),
(951, 'Ana Paula Torres'),
(952, 'Valentina López'),
(953, 'Felipe Martínez'),
(954, 'Rosa García'),
(955, 'Luis Miguel López'),
(956, 'Manuel Rodríguez'),
(957, 'María Sánchez'),
(958, 'Lucia Torres'),
(959, 'Fernando García'),
(960, 'Cecilia López'),
(961, 'Renato Martínez'),
(962, 'Javier Sánchez'),
(963, 'Feliciano Torres'),
(964, 'Marina García'),
(965, 'Natalia López'),
(966, 'Roberto Rodríguez'),
(967, 'Diego Martínez'),
(968, 'Ricardo Sánchez'),
(969, 'Andrea López'),
(970, 'Carmen Torres'),
(971, 'Sofía García'),
(972, 'Federico López'),
(973, 'Marcelo Martínez'),
(974, 'Manuela Sánchez'),
(975, 'Joaquín Torres'),
(976, 'Lucia García'),
(977, 'Santiago López'),
(978, 'Patricia Rodríguez'),
(979, 'Felipe Sánchez'),
(980, 'Natalia Martínez'),
(981, 'Valentina Sánchez'),
(982, 'Mauricio García'),
(983, 'Ana Paula López'),
(984, 'Roberto Torres'),
(985, 'Lorenzo García'),
(986, 'Carla Martínez'),
(987, 'Lucas Sánchez'),
(988, 'Isabel García'),
(989, 'Felipe López'),
(990, 'Gladys Torres'),
(991, 'Renato García'),
(992, 'Elena López'),
(993, 'Daniel Martínez'),
(994, 'Sergio Sánchez'),
(995, 'Valeria López'),
(996, 'Antonio García'),
(997, 'Alicia Rodríguez'),
(998, 'Marcelo Martínez'),
(999, 'Javier Sánchez'),
(1000, 'Andrea López'),
(1001, 'Luz María Rodríguez'),
(1002, 'Feliciano Torres'),
(1003, 'Elena García'),
(1004, 'Federico López'),
(1005, 'Lorenzo Rodríguez'),
(1006, 'Felipe Martínez'),
(1007, 'Sandra Sánchez'),
(1008, 'Manuel López'),
(1009, 'Renata Martínez'),
(1010, 'Carmen García'),
(1011, 'Feliciano López'),
(1012, 'Sonia Sánchez'),
(1013, 'Pablo Torres'),
(1014, 'Aurora García'),
(1015, 'Raúl López'),
(1016, 'Antonia Martínez'),
(1017, 'Daniel Sánchez'),
(1018, 'Olga Torres'),
(1019, 'Miguel López'),
(1020, 'Valeria García'),
(1021, 'Lucas Martínez'),
(1022, 'Ricardo Sánchez'),
(1023, 'María López'),
(1024, 'Paula Rodríguez'),
(1025, 'Diego García'),
(1026, 'Sara López'),
(1027, 'Joaquín Martínez'),
(1028, 'Eduardo Sánchez'),
(1029, 'Ana Paula Torres'),
(1030, 'Valentina López'),
(1031, 'Felipe Martínez'),
(1032, 'Rosa García'),
(1033, 'Luis Miguel López'),
(1034, 'Manuel Rodríguez'),
(1035, 'María Sánchez'),
(1036, 'Lucia Torres'),
(1037, 'Fernando García'),
(1038, 'Cecilia López'),
(1039, 'Renato Martínez'),
(1040, 'Javier Sánchez'),
(1041, 'Feliciano Torres'),
(1042, 'Marina García'),
(1043, 'Natalia López'),
(1044, 'Roberto Rodríguez'),
(1045, 'Diego Martínez'),
(1046, 'Ricardo Sánchez'),
(1047, 'Andrea López'),
(1048, 'Carmen Torres'),
(1049, 'Sofía García'),
(1050, 'Federico López'),
(1051, 'Marcelo Martínez'),
(1052, 'Manuela Sánchez'),
(1053, 'Joaquín Torres'),
(1054, 'Lucia García'),
(1055, 'Santiago López'),
(1056, 'Patricia Rodríguez'),
(1057, 'Felipe Sánchez'),
(1058, 'Natalia Martínez'),
(1059, 'Valentina Sánchez'),
(1060, 'Mauricio García'),
(1061, 'Ana Paula López'),
(1062, 'Roberto Torres'),
(1063, 'Lorenzo García'),
(1064, 'Carla Martínez'),
(1065, 'Lucas Sánchez'),
(1066, 'Isabel García'),
(1067, 'Felipe López'),
(1068, 'Gladys Torres'),
(1069, 'Renato García'),
(1070, 'Elena López'),
(1071, 'Daniel Martínez'),
(1072, 'Sergio Sánchez'),
(1073, 'Valeria López'),
(1074, 'Antonio García'),
(1075, 'Alicia Rodríguez'),
(1076, 'Marcelo Martínez'),
(1077, 'Javier Sánchez'),
(1078, 'Andrea López'),
(1079, 'Luz Torres'),
(1080, 'Felipe García'),
(1081, 'Laura López'),
(1082, 'Sofía Torres'),
(1083, 'Ricardo García'),
(1084, 'Camila Martínez'),
(1085, 'Joaquín Sánchez'),
(1086, 'Lucia García'),
(1087, 'Valentina López'),
(1088, 'Feliciano García'),
(1089, 'Andrea Torres'),
(1090, 'Sergio López'),
(1091, 'Gonzalo García'),
(1092, 'Manuela Martínez'),
(1093, 'Lorenzo Sánchez'),
(1094, 'Carmen Torres'),
(1095, 'Juan Pérez'),
(1096, 'María Rodríguez'),
(1097, 'Luis García'),
(1098, 'Ana Martínez'),
(1099, 'Carlos López'),
(1100, 'Elena Sánchez'),
(1101, 'Andrés González'),
(1102, 'Laura Fernández'),
(1103, 'Pedro González'),
(1104, 'Sofía Morales'),
(1105, 'Javier Ruiz'),
(1106, 'Isabel Torres'),
(1107, 'Martín Díaz'),
(1108, 'Lucía Rodríguez'),
(1109, 'Fernando Pérez'),
(1110, 'Valentina López'),
(1111, 'Alejandro Martínez'),
(1112, 'Carmen Sánchez'),
(1113, 'Miguel López'),
(1114, 'Adriana Ramírez'),
(1115, 'Diego González'),
(1116, 'Natalia López'),
(1117, 'José Sánchez'),
(1118, 'Paula Martínez'),
(1119, 'Andrés López'),
(1120, 'Elena Sánchez'),
(1121, 'Luis Miguel García'),
(1122, 'Ana Sofía Torres'),
(1123, 'Feliciano Díaz'),
(1124, 'Lorena López'),
(1125, 'Javier González'),
(1126, 'Ana Paula Ramírez'),
(1127, 'Carlos Pérez'),
(1128, 'Mónica Martínez'),
(1129, 'Ricardo Sánchez'),
(1130, 'Carolina Torres'),
(1131, 'Gustavo García'),
(1132, 'Pamela López'),
(1133, 'Manuel Rodríguez'),
(1134, 'Natalia Martínez'),
(1135, 'Jorge Pérez'),
(1136, 'Raquel Sánchez'),
(1137, 'Daniel Torres'),
(1138, 'Patricia García'),
(1139, 'Joaquín López'),
(1140, 'Luz María Ramírez'),
(1141, 'Roberto Díaz'),
(1142, 'Valentina Sánchez'),
(1143, 'Luis Carlos Torres'),
(1144, 'Isabel García'),
(1145, 'Cristian López'),
(1146, 'Viviana Rodríguez'),
(1147, 'Marcelo Martínez'),
(1148, 'Natalia Sánchez'),
(1149, 'Felipe Torres'),
(1150, 'María Elena García'),
(1151, 'Lucas López'),
(1152, 'Antonia Ramírez'),
(1153, 'Juan Manuel Pérez'),
(1154, 'Aurora Martínez'),
(1155, 'Santiago Sánchez'),
(1156, 'Rosa Torres'),
(1157, 'Fernando García'),
(1158, 'Eugenia López'),
(1159, 'José Luis Rodríguez'),
(1160, 'María Teresa Martínez'),
(1161, 'Ignacio Sánchez'),
(1162, 'Paula Torres'),
(1163, 'Miguel Ángel García'),
(1164, 'Sara López'),
(1165, 'Simón Ramírez'),
(1166, 'Silvia Pérez'),
(1167, 'Martín Martínez'),
(1168, 'Elisa Sánchez'),
(1169, 'César Torres'),
(1170, 'Natalia García'),
(1171, 'Emilio López'),
(1172, 'María José Rodríguez'),
(1173, 'Javier Martínez'),
(1174, 'Fabiola Sánchez'),
(1175, 'Andrea Torres'),
(1176, 'Mauricio García'),
(1177, 'Lourdes López'),
(1178, 'Fernando Ramírez'),
(1179, 'Valentina Pérez'),
(1180, 'Roberto Martínez'),
(1181, 'Lidia Sánchez'),
(1182, 'Diego Torres'),
(1183, 'Claudia García'),
(1184, 'Héctor López'),
(1185, 'Gladys Rodríguez'),
(1186, 'Joaquín Martínez'),
(1187, 'Andrea Sánchez'),
(1188, 'Luis Miguel Torres'),
(1189, 'Sofía García'),
(1190, 'Renato López'),
(1191, 'Ana Paula Ramírez'),
(1192, 'Jorge Pérez'),
(1193, 'Carla Sánchez'),
(1194, 'Lorenzo Martínez'),
(1195, 'Elena Rodríguez'),
(1196, 'Felipe Torres'),
(1197, 'María Elena García'),
(1198, 'Patricia López'),
(1199, 'Santiago Martínez'),
(1200, 'Camila Sánchez'),
(1201, 'Federico Torres'),
(1202, 'Valeria García'),
(1203, 'Sergio López'),
(1204, 'Renata Rodríguez'),
(1205, 'Cristian Martínez'),
(1206, 'Pamela Sánchez'),
(1207, 'Manuel Torres'),
(1208, 'Isabel García'),
(1209, 'Roberto López'),
(1210, 'Viviana Martínez'),
(1211, 'Carlos Sánchez'),
(1212, 'Joaquín Torres'),
(1213, 'Lucas García'),
(1214, 'Luz María López'),
(1215, 'Feliciano Rodríguez'),
(1216, 'Sara Martínez'),
(1217, 'Fernando Sánchez'),
(1218, 'Natalia Torres'),
(1219, 'Valentina García'),
(1220, 'Luis Carlos López'),
(1221, 'Daniel Rodríguez'),
(1222, 'Felipe Sánchez'),
(1223, 'Rosa Torres'),
(1224, 'Marcelo García'),
(1225, 'Eugenia López'),
(1226, 'Gustavo Martínez'),
(1227, 'Lucia Sánchez'),
(1228, 'Javier López'),
(1229, 'Roberto Rodríguez'),
(1230, 'Patricia Sánchez'),
(1231, 'Joaquín Torres'),
(1232, 'Elena García'),
(1233, 'Federico López'),
(1234, 'Lorenzo Rodríguez'),
(1235, 'Felipe Martínez'),
(1236, 'Sandra Sánchez'),
(1237, 'Manuel López'),
(1238, 'Renata Martínez'),
(1239, 'Carmen García'),
(1240, 'Feliciano López'),
(1241, 'Sonia Sánchez'),
(1242, 'Pablo Torres'),
(1243, 'Aurora García'),
(1244, 'Raúl López'),
(1245, 'Antonia Martínez'),
(1246, 'Daniel Sánchez'),
(1247, 'Olga Torres'),
(1248, 'Miguel López'),
(1249, 'Valeria García'),
(1250, 'Lucas Martínez'),
(1251, 'Ricardo Sánchez'),
(1252, 'María López'),
(1253, 'Paula Rodríguez'),
(1254, 'Diego García'),
(1255, 'Sara López'),
(1256, 'Joaquín Martínez'),
(1257, 'Eduardo Sánchez'),
(1258, 'Ana Paula Torres'),
(1259, 'Valentina López'),
(1260, 'Felipe Martínez'),
(1261, 'Rosa García'),
(1262, 'Luis Miguel López'),
(1263, 'Manuel Rodríguez'),
(1264, 'María Sánchez'),
(1265, 'Lucia Torres'),
(1266, 'Fernando García'),
(1267, 'Cecilia López'),
(1268, 'Renato Martínez'),
(1269, 'Javier Sánchez'),
(1270, 'Feliciano Torres'),
(1271, 'Marina García'),
(1272, 'Natalia López'),
(1273, 'Roberto Rodríguez'),
(1274, 'Diego Martínez'),
(1275, 'Ricardo Sánchez'),
(1276, 'Andrea López'),
(1277, 'Carmen Torres'),
(1278, 'Sofía García'),
(1279, 'Federico López'),
(1280, 'Marcelo Martínez'),
(1281, 'Manuela Sánchez'),
(1282, 'Joaquín Torres'),
(1283, 'Lucia García'),
(1284, 'Santiago López'),
(1285, 'Patricia Rodríguez'),
(1286, 'Felipe Sánchez'),
(1287, 'Natalia Martínez'),
(1288, 'Valentina Sánchez'),
(1289, 'Mauricio García'),
(1290, 'Ana Paula López'),
(1291, 'Roberto Torres'),
(1292, 'Lorenzo García'),
(1293, 'Carla Martínez'),
(1294, 'Lucas Sánchez'),
(1295, 'Isabel García'),
(1296, 'Felipe López'),
(1297, 'Gladys Torres'),
(1298, 'Renato García'),
(1299, 'Elena López'),
(1300, 'Daniel Martínez'),
(1301, 'Sergio Sánchez'),
(1302, 'Valeria López'),
(1303, 'Antonio García'),
(1304, 'Alicia Rodríguez'),
(1305, 'Marcelo Martínez'),
(1306, 'Javier Sánchez'),
(1307, 'Andrea López'),
(1308, 'Luz Torres'),
(1309, 'Felipe García'),
(1310, 'Laura López'),
(1311, 'Sofía Torres'),
(1312, 'Ricardo García'),
(1313, 'Camila Martínez'),
(1314, 'Joaquín Sánchez'),
(1315, 'Lucia García'),
(1316, 'Valentina López'),
(1317, 'Feliciano García'),
(1318, 'Andrea Torres'),
(1319, 'Sergio López'),
(1320, 'Gonzalo García'),
(1321, 'Manuela Martínez'),
(1322, 'Lorenzo Sánchez'),
(1323, 'Carmen Torres'),
(1324, 'Juan Pérez'),
(1325, 'María Rodríguez'),
(1326, 'Luis García'),
(1327, 'Ana Martínez'),
(1328, 'Carlos López'),
(1329, 'Elena Sánchez'),
(1330, 'Andrés González'),
(1331, 'Laura Fernández'),
(1332, 'Pedro González'),
(1333, 'Sofía Morales'),
(1334, 'Javier Ruiz'),
(1335, 'Isabel Torres'),
(1336, 'Martín Díaz'),
(1337, 'Lucía Rodríguez'),
(1338, 'Fernando Pérez'),
(1339, 'Valentina López'),
(1340, 'Alejandro Martínez'),
(1341, 'Carmen Sánchez'),
(1342, 'Miguel López'),
(1343, 'Adriana Ramírez'),
(1344, 'Diego González'),
(1345, 'Natalia López'),
(1346, 'José Sánchez'),
(1347, 'Paula Martínez'),
(1348, 'Andrés López'),
(1349, 'Elena Sánchez'),
(1350, 'Luis Miguel García'),
(1351, 'Ana Sofía Torres'),
(1352, 'Feliciano Díaz'),
(1353, 'Lorena López'),
(1354, 'Javier González'),
(1355, 'Ana Paula Ramírez'),
(1356, 'Carlos Pérez'),
(1357, 'Mónica Martínez'),
(1358, 'Ricardo Sánchez'),
(1359, 'Carolina Torres'),
(1360, 'Gustavo García'),
(1361, 'Pamela López'),
(1362, 'Manuel Rodríguez'),
(1363, 'Natalia Martínez'),
(1364, 'Jorge Pérez'),
(1365, 'Raquel Sánchez'),
(1366, 'Daniel Torres'),
(1367, 'Patricia García'),
(1368, 'Joaquín López'),
(1369, 'Luz María Ramírez'),
(1370, 'Roberto Díaz'),
(1371, 'Valentina Sánchez'),
(1372, 'Luis Carlos Torres'),
(1373, 'Isabel García'),
(1374, 'Cristian López'),
(1375, 'Viviana Rodríguez'),
(1376, 'Marcelo Martínez'),
(1377, 'Natalia Sánchez'),
(1378, 'Felipe Torres'),
(1379, 'María Elena García'),
(1380, 'Lucas López'),
(1381, 'Antonia Ramírez'),
(1382, 'Juan Manuel Pérez'),
(1383, 'Aurora Martínez'),
(1384, 'Santiago Sánchez'),
(1385, 'Rosa Torres'),
(1386, 'Fernando García'),
(1387, 'Eugenia López'),
(1388, 'José Luis Rodríguez'),
(1389, 'María Teresa Martínez'),
(1390, 'Ignacio Sánchez'),
(1391, 'Paula Torres'),
(1392, 'Miguel Ángel García'),
(1393, 'Sara López'),
(1394, 'Simón Ramírez'),
(1395, 'Silvia Pérez'),
(1396, 'Martín Martínez'),
(1397, 'Elisa Sánchez'),
(1398, 'César Torres'),
(1399, 'Natalia García'),
(1400, 'Emilio López'),
(1401, 'María José Rodríguez'),
(1402, 'Javier Martínez'),
(1403, 'Fabiola Sánchez'),
(1404, 'Andrea Torres'),
(1405, 'Mauricio García'),
(1406, 'Lourdes López'),
(1407, 'Fernando Ramírez'),
(1408, 'Valentina Pérez'),
(1409, 'Roberto Martínez'),
(1410, 'Lidia Sánchez'),
(1411, 'Diego Torres'),
(1412, 'Claudia García'),
(1413, 'Héctor López'),
(1414, 'Gladys Rodríguez'),
(1415, 'Joaquín Martínez'),
(1416, 'Andrea Sánchez'),
(1417, 'Luis Miguel Torres'),
(1418, 'Sofía García'),
(1419, 'Renato López'),
(1420, 'Ana Paula Ramírez'),
(1421, 'Jorge Pérez'),
(1422, 'Carla Sánchez'),
(1423, 'Lorenzo Martínez'),
(1424, 'Elena Rodríguez'),
(1425, 'Felipe Torres'),
(1426, 'María Elena García'),
(1427, 'Patricia López'),
(1428, 'Santiago Martínez'),
(1429, 'Camila Sánchez'),
(1430, 'Federico Torres'),
(1431, 'Valeria García'),
(1432, 'Sergio López'),
(1433, 'Renata Rodríguez'),
(1434, 'Cristian Martínez'),
(1435, 'Pamela Sánchez'),
(1436, 'Manuel Torres'),
(1437, 'Isabel García'),
(1438, 'Roberto López'),
(1439, 'Viviana Martínez'),
(1440, 'Carlos Sánchez'),
(1441, 'Joaquín Torres'),
(1442, 'Lucas García'),
(1443, 'Luz María López'),
(1444, 'Feliciano Rodríguez'),
(1445, 'Sara Martínez'),
(1446, 'Fernando Sánchez'),
(1447, 'Natalia Torres'),
(1448, 'Valentina García'),
(1449, 'Luis Carlos López'),
(1450, 'Daniel Rodríguez'),
(1451, 'Felipe Sánchez'),
(1452, 'Rosa Torres'),
(1453, 'Marcelo García'),
(1454, 'Eugenia López'),
(1455, 'Gustavo Martínez'),
(1456, 'Lucia Sánchez'),
(1457, 'Javier López'),
(1458, 'Roberto Rodríguez'),
(1459, 'Patricia Sánchez'),
(1460, 'Joaquín Torres'),
(1461, 'Elena García'),
(1462, 'Federico López'),
(1463, 'Lorenzo Rodríguez'),
(1464, 'Felipe Martínez'),
(1465, 'Sandra Sánchez'),
(1466, 'Manuel López'),
(1467, 'Renata Martínez'),
(1468, 'Carmen García'),
(1469, 'Feliciano López'),
(1470, 'Sonia Sánchez'),
(1471, 'Pablo Torres'),
(1472, 'Aurora García'),
(1473, 'Raúl López'),
(1474, 'Antonia Martínez'),
(1475, 'Daniel Sánchez'),
(1476, 'Olga Torres'),
(1477, 'Miguel López'),
(1478, 'Valeria García'),
(1479, 'Lucas Martínez'),
(1480, 'Ricardo Sánchez'),
(1481, 'María López'),
(1482, 'Paula Rodríguez'),
(1483, 'Diego García'),
(1484, 'Sara López'),
(1485, 'Joaquín Martínez'),
(1486, 'Eduardo Sánchez'),
(1487, 'Ana Paula Torres'),
(1488, 'Valentina López'),
(1489, 'Felipe Martínez'),
(1490, 'Rosa García'),
(1491, 'Luis Miguel López'),
(1492, 'Manuel Rodríguez'),
(1493, 'María Sánchez'),
(1494, 'Lucia Torres'),
(1495, 'Fernando García'),
(1496, 'Cecilia López'),
(1497, 'Renato Martínez'),
(1498, 'Javier Sánchez'),
(1499, 'Feliciano Torres'),
(1500, 'Marina García'),
(1501, 'Natalia López'),
(1502, 'Roberto Rodríguez'),
(1503, 'Diego Martínez'),
(1504, 'Ricardo Sánchez'),
(1505, 'Andrea López'),
(1506, 'Carmen Torres'),
(1507, 'Sofía García'),
(1508, 'Federico López'),
(1509, 'Marcelo Martínez'),
(1510, 'Manuela Sánchez'),
(1511, 'Joaquín Torres'),
(1512, 'Lucia García'),
(1513, 'Santiago López'),
(1514, 'Patricia Rodríguez'),
(1515, 'Felipe Sánchez'),
(1516, 'Natalia Martínez'),
(1517, 'Valentina Sánchez'),
(1518, 'Mauricio García'),
(1519, 'Ana Paula López'),
(1520, 'Roberto Torres'),
(1521, 'Lorenzo García'),
(1522, 'Carla Martínez'),
(1523, 'Lucas Sánchez'),
(1524, 'Isabel García'),
(1525, 'Felipe López'),
(1526, 'Gladys Torres'),
(1527, 'Renato García'),
(1528, 'Elena López'),
(1529, 'Daniel Martínez'),
(1530, 'Sergio Sánchez'),
(1531, 'Valeria López'),
(1532, 'Antonio García'),
(1533, 'Alicia Rodríguez'),
(1534, 'Marcelo Martínez'),
(1535, 'Javier Sánchez'),
(1536, 'Andrea López'),
(1537, 'Luz Torres'),
(1538, 'Felipe García'),
(1539, 'Laura López'),
(1540, 'Sofía Torres'),
(1541, 'Ricardo García'),
(1542, 'Camila Martínez'),
(1543, 'Joaquín Sánchez'),
(1544, 'Lucia García'),
(1545, 'Valentina López'),
(1546, 'Feliciano García'),
(1547, 'Andrea Torres'),
(1548, 'Sergio López'),
(1549, 'Gonzalo García'),
(1550, 'Manuela Martínez'),
(1551, 'Lorenzo Sánchez'),
(1552, 'Carmen Torres'),
(1553, 'Juan Pérez'),
(1554, 'María Rodríguez'),
(1555, 'Luis García'),
(1556, 'Ana Martínez'),
(1557, 'Carlos López'),
(1558, 'Elena Sánchez'),
(1559, 'Andrés González'),
(1560, 'Laura Fernández'),
(1561, 'Pedro González'),
(1562, 'Sofía Morales'),
(1563, 'Javier Ruiz'),
(1564, 'Isabel Torres'),
(1565, 'Martín Díaz'),
(1566, 'Lucía Rodríguez'),
(1567, 'Fernando Pérez'),
(1568, 'Valentina López'),
(1569, 'Alejandro Martínez'),
(1570, 'Carmen Sánchez'),
(1571, 'Miguel López'),
(1572, 'Adriana Ramírez'),
(1573, 'Diego González'),
(1574, 'Natalia López'),
(1575, 'José Sánchez'),
(1576, 'Paula Martínez'),
(1577, 'Andrés López'),
(1578, 'Elena Sánchez'),
(1579, 'Luis Miguel García'),
(1580, 'Ana Sofía Torres'),
(1581, 'Feliciano Díaz'),
(1582, 'Lorena López'),
(1583, 'Javier González'),
(1584, 'Ana Paula Ramírez'),
(1585, 'Carlos Pérez'),
(1586, 'Mónica Martínez'),
(1587, 'Ricardo Sánchez'),
(1588, 'Carolina Torres'),
(1589, 'Gustavo García'),
(1590, 'Pamela López'),
(1591, 'Manuel Rodríguez'),
(1592, 'Natalia Martínez'),
(1593, 'Jorge Pérez'),
(1594, 'Raquel Sánchez'),
(1595, 'Daniel Torres'),
(1596, 'Patricia García'),
(1597, 'Joaquín López'),
(1598, 'Luz María Ramírez'),
(1599, 'Roberto Díaz'),
(1600, 'Valentina Sánchez'),
(1601, 'Luis Carlos Torres'),
(1602, 'Isabel García'),
(1603, 'Cristian López'),
(1604, 'Viviana Rodríguez'),
(1605, 'Marcelo Martínez'),
(1606, 'Natalia Sánchez'),
(1607, 'Felipe Torres'),
(1608, 'María Elena García'),
(1609, 'Lucas López'),
(1610, 'Antonia Ramírez'),
(1611, 'Juan Manuel Pérez'),
(1612, 'Aurora Martínez'),
(1613, 'Santiago Sánchez'),
(1614, 'Rosa Torres'),
(1615, 'Fernando García'),
(1616, 'Eugenia López'),
(1617, 'José Luis Rodríguez'),
(1618, 'María Teresa Martínez'),
(1619, 'Ignacio Sánchez'),
(1620, 'Paula Torres'),
(1621, 'Miguel Ángel García'),
(1622, 'Sara López'),
(1623, 'Simón Ramírez'),
(1624, 'Silvia Pérez'),
(1625, 'Martín Martínez'),
(1626, 'Elisa Sánchez'),
(1627, 'César Torres'),
(1628, 'Natalia García'),
(1629, 'Emilio López'),
(1630, 'María José Rodríguez'),
(1631, 'Javier Martínez'),
(1632, 'Fabiola Sánchez'),
(1633, 'Andrea Torres'),
(1634, 'Mauricio García'),
(1635, 'Lourdes López'),
(1636, 'Fernando Ramírez'),
(1637, 'Valentina Pérez'),
(1638, 'Roberto Martínez'),
(1639, 'Lidia Sánchez'),
(1640, 'Diego Torres'),
(1641, 'Claudia García'),
(1642, 'Héctor López'),
(1643, 'Gladys Rodríguez'),
(1644, 'Joaquín Martínez'),
(1645, 'Andrea Sánchez'),
(1646, 'Luis Miguel Torres'),
(1647, 'Sofía García'),
(1648, 'Renato López'),
(1649, 'Ana Paula Ramírez'),
(1650, 'Jorge Pérez'),
(1651, 'Carla Sánchez'),
(1652, 'Lorenzo Martínez'),
(1653, 'Elena Rodríguez'),
(1654, 'Felipe Torres'),
(1655, 'María Elena García'),
(1656, 'Patricia López'),
(1657, 'Santiago Martínez'),
(1658, 'Camila Sánchez'),
(1659, 'Federico Torres'),
(1660, 'Valeria García'),
(1661, 'Sergio López'),
(1662, 'Renata Rodríguez'),
(1663, 'Cristian Martínez'),
(1664, 'Pamela Sánchez'),
(1665, 'Manuel Torres'),
(1666, 'Isabel García'),
(1667, 'Roberto López'),
(1668, 'Viviana Martínez'),
(1669, 'Carlos Sánchez'),
(1670, 'Joaquín Torres'),
(1671, 'Lucas García'),
(1672, 'Luz María López'),
(1673, 'Feliciano Rodríguez'),
(1674, 'Sara Martínez'),
(1675, 'Fernando Sánchez'),
(1676, 'Natalia Torres'),
(1677, 'Valentina García'),
(1678, 'Luis Carlos López'),
(1679, 'Daniel Rodríguez'),
(1680, 'Felipe Sánchez'),
(1681, 'Rosa Torres'),
(1682, 'Marcelo García'),
(1683, 'Eugenia López'),
(1684, 'Gustavo Martínez'),
(1685, 'Lucia Sánchez'),
(1686, 'Javier López'),
(1687, 'Roberto Rodríguez'),
(1688, 'Patricia Sánchez'),
(1689, 'Joaquín Torres'),
(1690, 'Elena García'),
(1691, 'Federico López'),
(1692, 'Lorenzo Rodríguez'),
(1693, 'Felipe Martínez'),
(1694, 'Sandra Sánchez'),
(1695, 'Manuel López'),
(1696, 'Renata Martínez'),
(1697, 'Carmen García'),
(1698, 'Feliciano López'),
(1699, 'Sonia Sánchez'),
(1700, 'Pablo Torres'),
(1701, 'Aurora García'),
(1702, 'Raúl López'),
(1703, 'Antonia Martínez'),
(1704, 'Daniel Sánchez'),
(1705, 'Olga Torres'),
(1706, 'Miguel López'),
(1707, 'Valeria García'),
(1708, 'Lucas Martínez'),
(1709, 'Ricardo Sánchez'),
(1710, 'María López'),
(1711, 'Paula Rodríguez'),
(1712, 'Diego García'),
(1713, 'Sara López'),
(1714, 'Joaquín Martínez'),
(1715, 'Eduardo Sánchez'),
(1716, 'Ana Paula Torres'),
(1717, 'Valentina López'),
(1718, 'Felipe Martínez'),
(1719, 'Rosa García'),
(1720, 'Luis Miguel López'),
(1721, 'Manuel Rodríguez'),
(1722, 'María Sánchez'),
(1723, 'Lucia Torres'),
(1724, 'Fernando García'),
(1725, 'Cecilia López'),
(1726, 'Renato Martínez'),
(1727, 'Javier Sánchez'),
(1728, 'Feliciano Torres'),
(1729, 'Marina García'),
(1730, 'Natalia López'),
(1731, 'Roberto Rodríguez'),
(1732, 'Diego Martínez'),
(1733, 'Ricardo Sánchez'),
(1734, 'Andrea López'),
(1735, 'Carmen Torres'),
(1736, 'Sofía García'),
(1737, 'Federico López'),
(1738, 'Marcelo Martínez'),
(1739, 'Manuela Sánchez'),
(1740, 'Joaquín Torres'),
(1741, 'Lucia García'),
(1742, 'Santiago López'),
(1743, 'Patricia Rodríguez'),
(1744, 'Felipe Sánchez'),
(1745, 'Natalia Martínez'),
(1746, 'Valentina Sánchez'),
(1747, 'Mauricio García'),
(1748, 'Ana Paula López'),
(1749, 'Roberto Torres'),
(1750, 'Lorenzo García'),
(1751, 'Carla Martínez'),
(1752, 'Lucas Sánchez'),
(1753, 'Isabel García'),
(1754, 'Felipe López'),
(1755, 'Gladys Torres'),
(1756, 'Renato García'),
(1757, 'Elena López'),
(1758, 'Daniel Martínez'),
(1759, 'Sergio Sánchez'),
(1760, 'Valeria López'),
(1761, 'Antonio García'),
(1762, 'Alicia Rodríguez'),
(1763, 'Marcelo Martínez'),
(1764, 'Javier Sánchez'),
(1765, 'Andrea López'),
(1766, 'Luz Torres'),
(1767, 'Felipe García'),
(1768, 'Laura López'),
(1769, 'Sofía Torres'),
(1770, 'Ricardo García'),
(1771, 'Camila Martínez'),
(1772, 'Joaquín Sánchez'),
(1773, 'Lucia García'),
(1774, 'Valentina López'),
(1775, 'Feliciano García'),
(1776, 'Andrea Torres'),
(1777, 'Sergio López'),
(1778, 'Gonzalo García'),
(1779, 'Manuela Martínez'),
(1780, 'Lorenzo Sánchez'),
(1781, 'Carmen Torres'),
(1782, 'Juan Pérez'),
(1783, 'María Rodríguez'),
(1784, 'Luis García'),
(1785, 'Ana Martínez'),
(1786, 'Carlos López'),
(1787, 'Elena Sánchez'),
(1788, 'Andrés González'),
(1789, 'Laura Fernández'),
(1790, 'Pedro González'),
(1791, 'Sofía Morales'),
(1792, 'Javier Ruiz'),
(1793, 'Isabel Torres'),
(1794, 'Martín Díaz'),
(1795, 'Lucía Rodríguez'),
(1796, 'Fernando Pérez'),
(1797, 'Valentina López'),
(1798, 'Alejandro Martínez'),
(1799, 'Carmen Sánchez'),
(1800, 'Miguel López'),
(1801, 'Adriana Ramírez'),
(1802, 'Diego González'),
(1803, 'Natalia López'),
(1804, 'José Sánchez'),
(1805, 'Paula Martínez'),
(1806, 'Andrés López'),
(1807, 'Elena Sánchez'),
(1808, 'Luis Miguel García'),
(1809, 'Ana Sofía Torres'),
(1810, 'Feliciano Díaz'),
(1811, 'Lorena López'),
(1812, 'Javier González'),
(1813, 'Ana Paula Ramírez'),
(1814, 'Carlos Pérez'),
(1815, 'Mónica Martínez'),
(1816, 'Ricardo Sánchez'),
(1817, 'Carolina Torres'),
(1818, 'Gustavo García'),
(1819, 'Pamela López'),
(1820, 'Manuel Rodríguez'),
(1821, 'Natalia Martínez'),
(1822, 'Jorge Pérez'),
(1823, 'Raquel Sánchez'),
(1824, 'Daniel Torres'),
(1825, 'Patricia García'),
(1826, 'Joaquín López'),
(1827, 'Luz María Ramírez'),
(1828, 'Roberto Díaz'),
(1829, 'Valentina Sánchez'),
(1830, 'Luis Carlos Torres'),
(1831, 'Isabel García'),
(1832, 'Cristian López'),
(1833, 'Viviana Rodríguez'),
(1834, 'Marcelo Martínez'),
(1835, 'Natalia Sánchez'),
(1836, 'Felipe Torres'),
(1837, 'María Elena García'),
(1838, 'Lucas López'),
(1839, 'Antonia Ramírez'),
(1840, 'Juan Manuel Pérez'),
(1841, 'Aurora Martínez'),
(1842, 'Santiago Sánchez'),
(1843, 'Rosa Torres'),
(1844, 'Fernando García'),
(1845, 'Eugenia López'),
(1846, 'José Luis Rodríguez'),
(1847, 'María Teresa Martínez'),
(1848, 'Ignacio Sánchez'),
(1849, 'Paula Torres'),
(1850, 'Miguel Ángel García'),
(1851, 'Sara López'),
(1852, 'Simón Ramírez'),
(1853, 'Silvia Pérez'),
(1854, 'Martín Martínez'),
(1855, 'Elisa Sánchez'),
(1856, 'César Torres'),
(1857, 'Natalia García'),
(1858, 'Emilio López'),
(1859, 'María José Rodríguez'),
(1860, 'Javier Martínez'),
(1861, 'Fabiola Sánchez'),
(1862, 'Andrea Torres'),
(1863, 'Mauricio García'),
(1864, 'Lourdes López'),
(1865, 'Fernando Ramírez'),
(1866, 'Valentina Pérez'),
(1867, 'Roberto Martínez'),
(1868, 'Lidia Sánchez'),
(1869, 'Diego Torres'),
(1870, 'Claudia García'),
(1871, 'Héctor López'),
(1872, 'Gladys Rodríguez'),
(1873, 'Joaquín Martínez'),
(1874, 'Andrea Sánchez'),
(1875, 'Luis Miguel Torres'),
(1876, 'Sofía García'),
(1877, 'Renato López'),
(1878, 'Ana Paula Ramírez'),
(1879, 'Jorge Pérez'),
(1880, 'Carla Sánchez'),
(1881, 'Lorenzo Martínez'),
(1882, 'Elena Rodríguez'),
(1883, 'Felipe Torres'),
(1884, 'María Elena García'),
(1885, 'Patricia López'),
(1886, 'Santiago Martínez'),
(1887, 'Camila Sánchez'),
(1888, 'Federico Torres'),
(1889, 'Valeria García'),
(1890, 'Sergio López'),
(1891, 'Renata Rodríguez'),
(1892, 'Cristian Martínez'),
(1893, 'Pamela Sánchez'),
(1894, 'Manuel Torres'),
(1895, 'Isabel García'),
(1896, 'Roberto López'),
(1897, 'Viviana Martínez'),
(1898, 'Carlos Sánchez'),
(1899, 'Joaquín Torres'),
(1900, 'Lucas García'),
(1901, 'Luz María López'),
(1902, 'Feliciano Rodríguez'),
(1903, 'Sara Martínez'),
(1904, 'Fernando Sánchez'),
(1905, 'Natalia Torres'),
(1906, 'Valentina García'),
(1907, 'Luis Carlos López'),
(1908, 'Daniel Rodríguez'),
(1909, 'Felipe Sánchez'),
(1910, 'Rosa Torres'),
(1911, 'Marcelo García'),
(1912, 'Eugenia López'),
(1913, 'Gustavo Martínez'),
(1914, 'Lucia Sánchez'),
(1915, 'Javier López'),
(1916, 'Roberto Rodríguez'),
(1917, 'Patricia Sánchez'),
(1918, 'Joaquín Torres'),
(1919, 'Elena García'),
(1920, 'Federico López'),
(1921, 'Lorenzo Rodríguez'),
(1922, 'Felipe Martínez'),
(1923, 'Sandra Sánchez'),
(1924, 'Manuel López'),
(1925, 'Renata Martínez'),
(1926, 'Carmen García'),
(1927, 'Feliciano López'),
(1928, 'Sonia Sánchez'),
(1929, 'Pablo Torres'),
(1930, 'Aurora García'),
(1931, 'Raúl López'),
(1932, 'Antonia Martínez'),
(1933, 'Daniel Sánchez'),
(1934, 'Olga Torres'),
(1935, 'Miguel López'),
(1936, 'Valeria García'),
(1937, 'Lucas Martínez'),
(1938, 'Ricardo Sánchez'),
(1939, 'María López'),
(1940, 'Paula Rodríguez'),
(1941, 'Diego García'),
(1942, 'Sara López'),
(1943, 'Joaquín Martínez'),
(1944, 'Eduardo Sánchez'),
(1945, 'Ana Paula Torres'),
(1946, 'Valentina López'),
(1947, 'Felipe Martínez'),
(1948, 'Rosa García'),
(1949, 'Luis Miguel López'),
(1950, 'Manuel Rodríguez'),
(1951, 'María Sánchez'),
(1952, 'Lucia Torres'),
(1953, 'Fernando García'),
(1954, 'Cecilia López'),
(1955, 'Renato Martínez'),
(1956, 'Javier Sánchez'),
(1957, 'Feliciano Torres'),
(1958, 'Marina García'),
(1959, 'Natalia López'),
(1960, 'Roberto Rodríguez'),
(1961, 'Diego Martínez'),
(1962, 'Ricardo Sánchez'),
(1963, 'Andrea López'),
(1964, 'Carmen Torres'),
(1965, 'Sofía García'),
(1966, 'Federico López'),
(1967, 'Marcelo Martínez'),
(1968, 'Manuela Sánchez'),
(1969, 'Joaquín Torres'),
(1970, 'Lucia García'),
(1971, 'Santiago López'),
(1972, 'Patricia Rodríguez'),
(1973, 'Felipe Sánchez'),
(1974, 'Natalia Martínez'),
(1975, 'Valentina Sánchez'),
(1976, 'Mauricio García'),
(1977, 'Ana Paula López'),
(1978, 'Roberto Torres'),
(1979, 'Lorenzo García'),
(1980, 'Carla Martínez'),
(1981, 'Lucas Sánchez'),
(1982, 'Isabel García'),
(1983, 'Felipe López'),
(1984, 'Gladys Torres'),
(1985, 'Renato García'),
(1986, 'Elena López'),
(1987, 'Daniel Martínez'),
(1988, 'Sergio Sánchez'),
(1989, 'Valeria López'),
(1990, 'Antonio García'),
(1991, 'Alicia Rodríguez'),
(1992, 'Marcelo Martínez'),
(1993, 'Javier Sánchez'),
(1994, 'Andrea López'),
(1995, 'Luz Torres'),
(1996, 'Felipe García'),
(1997, 'Laura López'),
(1998, 'Sofía Torres'),
(1999, 'Ricardo García'),
(2000, 'Camila Martínez');

-- Insertar datos en VENDEDOR (15 VENDEDOR)
INSERT INTO VENDEDOR (Vend_id, Nom_vend) 
VALUES 
(1, 'Daniel Chuckypata'), 
(2, 'Leidy Gómez'), 
(3, 'Carlos Pérez'), 
(4, 'Josue Gómez'), 
(5, 'Mario Rodríguez'), 
(6, 'Isabela Martínez'), 
(7, 'Pedro López'), 
(8, 'Sofía García'), 
(9, 'Javi Ramírez'), 
(10, 'Natalia Torres'), 
(11, 'Andrés Silva'), 
(12, 'Valentina Flores'), 
(13, 'Diego González'), 
(14, 'Marta Ortega'), 
(15, 'Luis Fernández'), 
(16, 'Carmen López'), 
(17, 'José Ramírez'), 
(18, 'Ana González'), 
(19, 'Juan García'), 
(20, 'Silvia Martínez');

INSERT INTO METODPAGO (Mpago_id, Nom_pago) VALUES
(1, 'Efectivo'),
(2, 'Tarjeta'),
(3, 'Aplicativo');

INSERT INTO MP_Tipo (Mptipo_id, Nom_mpt, Mpago_id) VALUES


(1, 'BCP', 2),
(2, 'Interbank', 2),
(3, 'Scotiabank', 2),
(4, 'BBVA', 2),
(5, 'BanBif', 2),
(6, 'Yape', 3),
(7, 'Plin', 3),
(8, 'Agora', 3);

-- Insertar datos en VENTA (50 VENTA)
INSERT INTO VENTA (Vta_id, Fecha_crea, Fecha_confirm, Fecha_envio, Fecha_entrega, Fecha_pago, Estado, Cli_id,Vend_id,Mpago_id)
VALUES
('1','2023-10-18 08:00:00', '2023-10-19 10:30:00', '2023-10-20 14:45:00', '2023-10-23 09:15:00', '2023-10-25 16:30:00', 'Completada', 1,1,1),
('2','2023-10-18 09:15:00', '2023-10-19 12:30:00', '2023-10-21 16:00:00', '2023-10-24 10:45:00', '2023-10-26 15:15:00', 'Completada', 2,1,2),
('3','2023-10-19 07:30:00', '2023-10-20 11:15:00', '2023-10-22 13:30:00', '2023-10-25 08:00:00', '2023-10-27 14:45:00', 'Completada', 3,1,3),
('4','2023-10-19 08:45:00', '2023-10-20 09:45:00', '2023-10-23 15:30:00', '2023-10-26 10:30:00', '2023-10-28 17:15:00', 'En tránsito', 4,1,3),
('5','2023-10-20 10:00:00', '2023-10-21 13:15:00', '2023-10-24 14:00:00', '2023-10-27 08:45:00', '2023-10-29 16:00:00', 'En tránsito', 5,1,2),
('6','2023-10-20 11:15:00', '2023-10-22 12:30:00', '2023-10-25 12:45:00', '2023-10-28 07:30:00', '2023-10-30 14:45:00', 'En tránsito', 6,1,2),
('7','2023-10-21 12:30:00', '2023-10-23 11:15:00', '2023-10-26 10:00:00', '2023-10-29 06:45:00', '2023-10-31 13:30:00', 'Pendiente', 7,1,2),
('8','2023-10-22 13:45:00', '2023-10-24 10:30:00', '2023-10-27 11:45:00', '2023-10-30 05:30:00', '2023-11-01 12:15:00', 'Pendiente', 8,1,2),
('9','2023-10-23 15:00:00', '2023-10-25 09:45:00', '2023-10-28 08:00:00', '2023-10-31 04:45:00', '2023-11-02 11:30:00', 'Pendiente', 9,1,3),
('10','2023-10-24 16:15:00', '2023-10-26 08:30:00', '2023-10-29 06:15:00', '2023-11-01 03:00:00', '2023-11-03 09:45:00', 'Pendiente', 10,1,2),
('11','2023-10-25 18:30:00', '2023-10-27 07:15:00', '2023-10-30 04:30:00', '2023-11-02 01:15:00', '2023-11-04 07:00:00', 'Pendiente', 11,1,3),
('12','2023-10-26 19:45:00', '2023-10-28 05:30:00', '2023-10-31 02:45:00', '2023-11-03 23:30:00', '2023-11-05 04:15:00', 'Pendiente', 12,1,3),
('13','2023-10-27 21:00:00', '2023-10-29 03:45:00', '2023-11-01 01:00:00', '2023-11-04 21:45:00', '2023-11-06 01:30:00', 'Pendiente', 13,1,2),
('14','2023-10-28 22:15:00', '2023-10-30 01:00:00', '2023-11-02 00:15:00', '2023-11-05 19:00:00', '2023-11-07 22:45:00', 'Pendiente', 14,1,1),
('15','2023-10-29 23:30:00', '2023-10-31 22:45:00', '2023-11-03 23:30:00', '2023-11-06 16:15:00', '2023-11-08 03:00:00', 'Pendiente', 15,1,2),
('16','2023-10-30 09:45:00', '2023-11-01 08:00:00', '2023-11-04 08:45:00', '2023-11-07 13:30:00', '2023-11-09 04:15:00', 'Pendiente', 16,1,1),
('17','2023-10-31 11:00:00', '2023-11-02 10:15:00', '2023-11-05 12:00:00', '2023-11-08 10:45:00', '2023-11-10 05:30:00', 'Pendiente', 17,1,3),
('18','2023-11-01 12:15:00', '2023-11-03 11:30:00', '2023-11-06 13:15:00', '2023-11-09 07:00:00', '2023-11-11 06:45:00', 'Pendiente', 18,1,1),
('19','2023-11-02 13:30:00', '2023-11-04 12:45:00', '2023-11-07 14:30:00', '2023-11-10 03:15:00', '2023-11-12 07:00:00', 'Pendiente', 19,1,2),
('20','2023-11-03 14:45:00', '2023-11-05 14:00:00', '2023-11-08 15:45:00', '2023-11-11 01:30:00', '2023-11-13 07:15:00', 'Pendiente', 20,1,3),
('21','2023-11-04 16:00:00', '2023-11-06 15:15:00', '2023-11-09 16:00:00', '2023-11-12 23:45:00', '2023-11-14 06:30:00', 'Pendiente', 21,1,2),
('22','2023-11-05 17:15:00', '2023-11-07 16:30:00', '2023-11-10 17:15:00', '2023-11-13 22:00:00', '2023-11-15 05:45:00', 'Pendiente', 22,1,3),
('23','2023-11-06 18:30:00', '2023-11-08 17:45:00', '2023-11-11 18:30:00', '2023-11-14 20:15:00', '2023-11-16 04:00:00', 'Pendiente', 23,1,2),
('24','2023-11-07 19:45:00', '2023-11-09 19:00:00', '2023-11-12 19:45:00', '2023-11-15 18:30:00', '2023-11-17 02:15:00', 'Pendiente', 24,1,3),
('25','2023-11-08 21:00:00', '2023-11-10 20:15:00', '2023-11-13 21:00:00', '2023-11-16 16:45:00', '2023-11-18 00:30:00', 'Pendiente', 25,1,1),
('26','2023-11-09 22:15:00', '2023-11-11 21:30:00', '2023-11-14 22:15:00', '2023-11-17 14:00:00', '2023-11-19 06:45:00', 'Pendiente', 26,1,3),
('27','2023-11-10 23:30:00', '2023-11-12 22:45:00', '2023-11-15 23:30:00', '2023-11-18 11:15:00', '2023-11-20 08:00:00', 'Pendiente', 27,1,3),
('28','2023-11-11 00:45:00', '2023-11-13 00:00:00', '2023-11-16 00:45:00', '2023-11-19 08:30:00', '2023-11-21 09:15:00', 'Pendiente', 28,1,1),
('29','2023-11-12 02:00:00', '2023-11-14 01:15:00', '2023-11-17 02:00:00', '2023-11-20 05:45:00', '2023-11-22 10:30:00', 'Pendiente', 29,1,3),
('30','2023-11-13 03:15:00', '2023-11-15 02:30:00', '2023-11-18 03:15:00', '2023-11-21 02:00:00', '2023-11-23 11:45:00', 'Pendiente', 30,1,3),
('31','2023-11-14 04:30:00', '2023-11-16 03:45:00', '2023-11-19 04:30:00', '2023-11-22 10:15:00', '2023-11-24 09:00:00', 'Pendiente', 31,1,3),
('32','2023-11-15 05:45:00', '2023-11-17 05:00:00', '2023-11-20 05:45:00', '2023-11-23 08:30:00', '2023-11-25 07:15:00', 'Pendiente', 32,1,1),
('33','2023-11-16 07:00:00', '2023-11-18 06:15:00', '2023-11-21 07:00:00', '2023-11-24 06:45:00', '2023-11-26 05:30:00', 'Pendiente', 33,1,3),
('34','2023-11-17 08:15:00', '2023-11-19 07:30:00', '2023-11-22 08:15:00', '2023-11-25 05:00:00', '2023-11-27 03:45:00', 'Pendiente', 34,1,3),
('35','2023-11-18 09:30:00', '2023-11-20 08:45:00', '2023-11-23 09:30:00', '2023-11-26 03:15:00', '2023-11-28 02:00:00', 'Pendiente', 35,1,3),
('36','2023-11-19 10:45:00', '2023-11-21 10:00:00', '2023-11-24 10:45:00', '2023-11-27 01:30:00', '2023-11-29 00:15:00', 'Pendiente', 36,1,1),
('37','2023-11-20 12:00:00', '2023-11-22 11:15:00', '2023-11-25 12:00:00', '2023-11-28 23:15:00', '2023-11-30 22:00:00', 'Pendiente', 37,1,1),
('38','2023-11-21 13:15:00', '2023-11-23 12:30:00', '2023-11-26 13:15:00', '2023-11-29 21:00:00', '2023-12-01 20:45:00', 'Pendiente', 38,1,3),
('39','2023-11-22 14:30:00', '2023-11-24 13:45:00', '2023-11-27 14:30:00', '2023-11-30 18:45:00', '2023-12-02 17:30:00', 'Pendiente', 39,1,3),
('40','2023-11-23 15:45:00', '2023-11-25 15:00:00', '2023-11-28 15:45:00', '2023-12-01 17:30:00', '2023-12-03 16:15:00', 'Pendiente', 40,1,1),
('41','2023-11-24 17:00:00', '2023-11-26 16:15:00', '2023-11-29 17:00:00', '2023-12-02 16:45:00', '2023-12-04 15:30:00', 'Pendiente', 41,1,2),
('42','2023-11-25 18:15:00', '2023-11-27 17:30:00', '2023-11-30 18:15:00', '2023-12-03 15:00:00', '2023-12-05 13:45:00', 'Pendiente', 42,1,2),
('43','2023-11-26 19:30:00', '2023-11-28 18:45:00', '2023-12-01 19:30:00', '2023-12-04 13:15:00', '2023-12-06 12:00:00', 'Pendiente', 43,1,2),
('44','2023-11-27 20:45:00', '2023-11-29 20:00:00', '2023-12-02 20:45:00', '2023-12-05 12:30:00', '2023-12-07 11:15:00', 'Pendiente', 44,1,1),
('45','2023-11-28 22:00:00', '2023-11-30 21:15:00', '2023-12-03 22:00:00', '2023-12-06 11:45:00', '2023-12-08 10:30:00', 'Pendiente', 45,1,2),
('46','2023-11-29 23:15:00', '2023-12-01 22:30:00', '2023-12-04 23:15:00', '2023-12-07 10:00:00', '2023-12-09 08:45:00', 'Pendiente', 46,1,2),
('47','2023-11-30 00:30:00', '2023-12-02 23:45:00', '2023-12-05 00:30:00', '2023-12-08 08:15:00', '2023-12-10 07:00:00', 'Pendiente', 47,1,1),
('48','2023-12-01 01:45:00', '2023-12-03 01:00:00', '2023-12-06 01:45:00', '2023-12-09 06:30:00', '2023-12-11 05:15:00', 'Pendiente', 48,1,1),
('49','2023-12-02 03:00:00', '2023-12-04 02:15:00', '2023-12-07 03:00:00', '2023-12-10 04:45:00', '2023-12-12 03:30:00', 'Pendiente', 49,1,2),
('50','2023-12-03 04:15:00', '2023-12-05 03:30:00', '2023-12-08 04:15:00', '2023-12-11 02:00:00', '2023-12-13 01:45:00', 'Pendiente', 50,1,1);
-- Continuar con las siguientes inserciones...

-- Insertar datos en VENTA_DET
INSERT INTO VENTA_DET (Vta_id, Prod_id, Cantidad, Prec_compra_un, Prec_venta_un, Total_desc_un, Igv_un)
VALUES
    (1, 1, 10.00, 5.00, 7.50, 1.50, 18.00),
    (1, 2, 5.00, 3.00, 4.50, 0.90, 18.00),
    (2, 2, 8.00, 4.00, 6.00, 1.20, 18.00),
    (2, 3, 12.00, 6.00, 9.00, 1.80, 18.00),
    (3, 3, 15.00, 7.50, 11.25, 2.25, 18.00),
    (3, 4, 20.00, 10.00, 15.00, 3.00, 18.00),
    (4, 4, 6.00, 3.00, 4.50, 0.90, 18.00),
    (4, 5, 10.00, 5.00, 7.50, 1.50, 18.00),
    (5, 5, 8.00, 4.00, 6.00, 1.20, 18.00),
    (5, 6, 14.00, 7.00, 10.50, 2.10, 18.00),
    (6, 6, 11.00, 5.50, 8.25, 1.65, 18.00),
    (6, 7, 9.00, 4.50, 6.75, 1.35, 18.00),
    (7, 7, 4.00, 2.00, 3.00, 0.60, 18.00),
    (7, 8, 3.00, 1.50, 2.25, 0.45, 18.00),
    (8, 8, 7.00, 3.50, 5.25, 1.05, 18.00),
    (8, 9, 6.00, 3.00, 4.50, 0.90, 18.00),
    (9, 9, 11.00, 5.50, 8.25, 1.65, 18.00),
    (9, 10, 10.00, 5.00, 7.50, 1.50, 18.00),
    (10, 10, 9.00, 4.50, 6.75, 1.35, 18.00),
    (10, 1, 5.00, 2.50, 3.75, 0.75, 18.00),
    (11, 1, 7.00, 3.50, 5.25, 1.05, 18.00),
    (11, 2, 8.00, 4.00, 6.00, 1.20, 18.00),
    (12, 2, 9.00, 4.50, 6.75, 1.35, 18.00),
    (12, 3, 10.00, 5.00, 7.50, 1.50, 18.00),
    (13, 3, 12.00, 6.00, 9.00, 1.80, 18.00),
    (13, 4, 15.00, 7.50, 11.25, 2.25, 18.00),
    (14, 4, 18.00, 9.00, 13.50, 2.70, 18.00),
    (14, 5, 10.00, 5.00, 7.50, 1.50, 18.00),
    (15, 5, 8.00, 4.00, 6.00, 1.20, 18.00),
    (15, 6, 9.00, 4.50, 6.75, 1.35, 18.00),
    (16, 6, 5.00, 2.50, 3.75, 0.75, 18.00),
    (16, 7, 4.00, 2.00, 3.00, 0.60, 18.00),
    (17, 7, 9.00, 4.50, 6.75, 1.35, 18.00),
    (17, 8, 11.00, 5.50, 8.25, 1.65, 18.00),
    (18, 8, 13.00, 6.50, 9.75, 1.95, 18.00),
    (18, 9, 7.00, 3.50, 5.25, 1.05, 18.00),
    (19, 9, 5.00, 2.50, 3.75, 0.75, 18.00),
    (19, 10, 4.00, 2.00, 3.00, 0.60, 18.00),
    (20, 10, 14.00, 7.00, 10.50, 2.10, 18.00),
    (20, 1, 15.00, 7.50, 11.25, 2.25, 18.00),
    (21, 1, 16.00, 8.00, 12.00, 2.40, 18.00),
    (21, 2, 8.00, 4.00, 6.00, 1.20, 18.00),
    (22, 2, 4.00, 2.00, 3.00, 0.60, 18.00),
    (22, 3, 7.00, 3.50, 5.25, 1.05, 18.00),
    (23, 3, 6.00, 3.00, 4.50, 0.90, 18.00),
    (23, 4, 5.00, 2.50, 3.75, 0.75, 18.00),
    (24, 4, 12.00, 6.00, 9.00, 1.80, 18.00),
    (24, 5, 9.00, 4.50, 6.75, 1.35, 18.00),
    (25, 5, 11.00, 5.50, 8.25, 1.65, 18.00),
    (25, 6, 12.00, 6.00, 9.00, 1.80, 18.00),
    (26, 6, 8.00, 4.00, 6.00, 1.20, 18.00),
    (26, 7, 10.00, 5.00, 7.50, 1.50, 18.00),
    (27, 7, 7.00, 3.50, 5.25, 1.05, 18.00),
    (27, 8, 5.00, 2.50, 3.75, 0.75, 18.00),
    (28, 8, 4.00, 2.00, 3.00, 0.60, 18.00),
    (28, 9, 15.00, 7.50, 11.25, 2.25, 18.00),
    (29, 9, 14.00, 7.00, 10.50, 2.10, 18.00),
    (29, 10, 6.00, 3.00, 4.50, 0.90, 18.00),
    (30, 10, 5.00, 2.50, 3.75, 0.75, 18.00),
    (30, 1, 9.00, 4.50, 6.75, 1.35, 18.00),
    (31, 1, 8.00, 4.00, 6.00, 1.20, 18.00),
    (31, 2, 7.00, 3.50, 5.25, 1.05, 18.00),
    (32, 2, 4.00, 2.00, 3.00, 0.60, 18.00),
    (32, 3, 12.00, 6.00, 9.00, 1.80, 18.00),
    (33, 3, 9.00, 4.50, 6.75, 1.35, 18.00),
    (33, 4, 11.00, 5.50, 8.25, 1.65, 18.00),
    (34, 4, 8.00, 4.00, 6.00, 1.20, 18.00),
    (34, 5, 5.00, 2.50, 3.75, 0.75, 18.00),
    (35, 5, 6.00, 3.00, 4.50, 0.90, 18.00),
    (35, 6, 10.00, 5.00, 7.50, 1.50, 18.00),
    (36, 6, 12.00, 6.00, 9.00, 1.80, 18.00),
    (36, 7, 9.00, 4.50, 6.75, 1.35, 18.00),
    (37, 7, 7.00, 3.50, 5.25, 1.05, 18.00),
    (37, 8, 8.00, 4.00, 6.00, 1.20, 18.00),
    (38, 8, 10.00, 5.00, 7.50, 1.50, 18.00),
    (38, 9, 12.00, 6.00, 9.00, 1.80, 18.00),
    (39, 9, 11.00, 5.50, 8.25, 1.65, 18.00),
    (39, 10, 4.00, 2.00, 3.00, 0.60, 18.00),
    (40, 10, 5.00, 2.50, 3.75, 0.75, 18.00),
    (40, 1, 8.00, 4.00, 6.00, 1.20, 18.00),
    (41, 1, 9.00, 4.50, 6.75, 1.35, 18.00),
    (41, 2, 10.00, 5.00, 7.50, 1.50, 18.00),
    (42, 2, 7.00, 3.50, 5.25, 1.05, 18.00),
    (42, 3, 8.00, 4.00, 6.00, 1.20, 18.00),
    (43, 3, 4.00, 2.00, 3.00, 0.60, 18.00),
    (43, 4, 7.00, 3.50, 5.25, 1.05, 18.00),
    (44, 4, 5.00, 2.50, 3.75, 0.75, 18.00),
    (44, 5, 12.00, 6.00, 9.00, 1.80, 18.00),
    (45, 5, 10.00, 5.00, 7.50, 1.50, 18.00),
    (45, 6, 6.00, 3.00, 4.50, 0.90, 18.00),
    (46, 6, 8.00, 4.00, 6.00, 1.20, 18.00),
    (46, 7, 9.00, 4.50, 6.75, 1.35, 18.00),
    (47, 7, 5.00, 2.50, 3.75, 0.75, 18.00),
    (47, 8, 12.00, 6.00, 9.00, 1.80, 18.00),
    (48, 8, 15.00, 7.50, 11.25, 2.25, 18.00),
    (48, 9, 18.00, 9.00, 13.50, 2.70, 18.00),
    (49, 9, 10.00, 5.00, 7.50, 1.50, 18.00),
    (49, 10, 8.00, 4.00, 6.00, 1.20, 18.00),
    (50, 10, 6.00, 3.00, 4.50, 0.90, 18.00);
